municipio;codEstacao;uf;nomeEstacao;latitude;longitude;datahora;valorMedida
ITAPERUÇU;411125801A;PR;Centro;-25,219;-49,351;2024-12-01 00:20:00.0;0,00
ITAPERUÇU;411125801A;PR;Centro;-25,219;-49,351;2024-12-01 01:20:00.0;0,00
ITAPERUÇU;411125801A;PR;Centro;-25,219;-49,351;2024-12-01 02:20:00.0;0,00
ITAPERUÇU;411125801A;PR;Centro;-25,219;-49,351;2024-12-01 03:20:00.0;0,00
ITAPERUÇU;411125801A;PR;Centro;-25,219;-49,351;2024-12-01 04:20:00.0;0,00
ITAPERUÇU;411125801A;PR;Centro;-25,219;-49,351;2024-12-01 05:20:00.0;0,00
ITAPERUÇU;411125801A;PR;Centro;-25,219;-49,351;2024-12-01 06:20:00.0;0,00
ITAPERUÇU;411125801A;PR;Centro;-25,219;-49,351;2024-12-01 07:10:00.0;0,20
ITAPERUÇU;411125801A;PR;Centro;-25,219;-49,351;2024-12-01 07:20:00.0;0,00
ITAPERUÇU;411125801A;PR;Centro;-25,219;-49,351;2024-12-01 08:20:00.0;0,00
ITAPERUÇU;411125801A;PR;Centro;-25,219;-49,351;2024-12-01 08:30:00.0;0,20
ITAPERUÇU;411125801A;PR;Centro;-25,219;-49,351;2024-12-01 08:40:00.0;0,20
ITAPERUÇU;411125801A;PR;Centro;-25,219;-49,351;2024-12-01 08:50:00.0;0,20
ITAPERUÇU;411125801A;PR;Centro;-25,219;-49,351;2024-12-01 09:10:00.0;0,20
ITAPERUÇU;411125801A;PR;Centro;-25,219;-49,351;2024-12-01 09:20:00.0;0,00
ITAPERUÇU;411125801A;PR;Centro;-25,219;-49,351;2024-12-01 10:20:00.0;0,00
ITAPERUÇU;411125801A;PR;Centro;-25,219;-49,351;2024-12-01 11:10:00.0;0,20
ITAPERUÇU;411125801A;PR;Centro;-25,219;-49,351;2024-12-01 11:20:00.0;0,00
ITAPERUÇU;411125801A;PR;Centro;-25,219;-49,351;2024-12-01 12:20:00.0;0,00
ITAPERUÇU;411125801A;PR;Centro;-25,219;-49,351;2024-12-01 13:20:00.0;0,00
ITAPERUÇU;411125801A;PR;Centro;-25,219;-49,351;2024-12-01 14:20:00.0;0,00
ITAPERUÇU;411125801A;PR;Centro;-25,219;-49,351;2024-12-01 15:20:00.0;0,00
ITAPERUÇU;411125801A;PR;Centro;-25,219;-49,351;2024-12-01 16:20:00.0;0,00
ITAPERUÇU;411125801A;PR;Centro;-25,219;-49,351;2024-12-01 17:20:00.0;0,00
ITAPERUÇU;411125801A;PR;Centro;-25,219;-49,351;2024-12-01 18:20:00.0;0,00
ITAPERUÇU;411125801A;PR;Centro;-25,219;-49,351;2024-12-01 19:20:00.0;0,00
ITAPERUÇU;411125801A;PR;Centro;-25,219;-49,351;2024-12-01 20:20:00.0;0,00
ITAPERUÇU;411125801A;PR;Centro;-25,219;-49,351;2024-12-01 21:20:00.0;0,00
ITAPERUÇU;411125801A;PR;Centro;-25,219;-49,351;2024-12-01 22:20:00.0;0,00
ITAPERUÇU;411125801A;PR;Centro;-25,219;-49,351;2024-12-01 23:20:00.0;0,00
ITAPERUÇU;411125801A;PR;Centro;-25,219;-49,351;2024-12-02 00:20:00.0;0,00
ITAPERUÇU;411125801A;PR;Centro;-25,219;-49,351;2024-12-02 01:20:00.0;0,00
ITAPERUÇU;411125801A;PR;Centro;-25,219;-49,351;2024-12-02 02:20:00.0;0,00
ITAPERUÇU;411125801A;PR;Centro;-25,219;-49,351;2024-12-02 03:20:00.0;0,00
ITAPERUÇU;411125801A;PR;Centro;-25,219;-49,351;2024-12-02 04:20:00.0;0,00
ITAPERUÇU;411125801A;PR;Centro;-25,219;-49,351;2024-12-02 05:20:00.0;0,00
ITAPERUÇU;411125801A;PR;Centro;-25,219;-49,351;2024-12-02 06:20:00.0;0,00
ITAPERUÇU;411125801A;PR;Centro;-25,219;-49,351;2024-12-02 07:20:00.0;0,00
ITAPERUÇU;411125801A;PR;Centro;-25,219;-49,351;2024-12-02 08:20:00.0;0,00
ITAPERUÇU;411125801A;PR;Centro;-25,219;-49,351;2024-12-02 09:20:00.0;0,00
ITAPERUÇU;411125801A;PR;Centro;-25,219;-49,351;2024-12-02 10:20:00.0;0,00
ITAPERUÇU;411125801A;PR;Centro;-25,219;-49,351;2024-12-02 11:20:00.0;0,00
ITAPERUÇU;411125801A;PR;Centro;-25,219;-49,351;2024-12-02 12:20:00.0;0,00
ITAPERUÇU;411125801A;PR;Centro;-25,219;-49,351;2024-12-02 13:20:00.0;0,00
ITAPERUÇU;411125801A;PR;Centro;-25,219;-49,351;2024-12-02 14:20:00.0;0,00
ITAPERUÇU;411125801A;PR;Centro;-25,219;-49,351;2024-12-02 15:20:00.0;0,00
ITAPERUÇU;411125801A;PR;Centro;-25,219;-49,351;2024-12-02 15:30:00.0;3,20
ITAPERUÇU;411125801A;PR;Centro;-25,219;-49,351;2024-12-02 15:40:00.0;3,35
ITAPERUÇU;411125801A;PR;Centro;-25,219;-49,351;2024-12-02 16:20:00.0;0,00
ITAPERUÇU;411125801A;PR;Centro;-25,219;-49,351;2024-12-02 17:20:00.0;0,00
ITAPERUÇU;411125801A;PR;Centro;-25,219;-49,351;2024-12-02 18:00:00.0;0,39
ITAPERUÇU;411125801A;PR;Centro;-25,219;-49,351;2024-12-02 18:10:00.0;0,59
ITAPERUÇU;411125801A;PR;Centro;-25,219;-49,351;2024-12-02 18:20:00.0;3,74
ITAPERUÇU;411125801A;PR;Centro;-25,219;-49,351;2024-12-02 18:30:00.0;4,72
ITAPERUÇU;411125801A;PR;Centro;-25,219;-49,351;2024-12-02 18:40:00.0;2,95
ITAPERUÇU;411125801A;PR;Centro;-25,219;-49,351;2024-12-02 18:50:00.0;3,15
ITAPERUÇU;411125801A;PR;Centro;-25,219;-49,351;2024-12-02 19:00:00.0;0,59
ITAPERUÇU;411125801A;PR;Centro;-25,219;-49,351;2024-12-02 19:10:00.0;0,59
ITAPERUÇU;411125801A;PR;Centro;-25,219;-49,351;2024-12-02 19:20:00.0;0,39
ITAPERUÇU;411125801A;PR;Centro;-25,219;-49,351;2024-12-02 20:20:00.0;0,00
ITAPERUÇU;411125801A;PR;Centro;-25,219;-49,351;2024-12-02 21:20:00.0;0,00
ITAPERUÇU;411125801A;PR;Centro;-25,219;-49,351;2024-12-02 22:20:00.0;0,20
ITAPERUÇU;411125801A;PR;Centro;-25,219;-49,351;2024-12-02 22:50:00.0;0,20
ITAPERUÇU;411125801A;PR;Centro;-25,219;-49,351;2024-12-02 23:20:00.0;0,00
ITAPERUÇU;411125801A;PR;Centro;-25,219;-49,351;2024-12-03 00:20:00.0;0,20
ITAPERUÇU;411125801A;PR;Centro;-25,219;-49,351;2024-12-03 01:20:00.0;0,00
ITAPERUÇU;411125801A;PR;Centro;-25,219;-49,351;2024-12-03 02:20:00.0;0,00
ITAPERUÇU;411125801A;PR;Centro;-25,219;-49,351;2024-12-03 03:20:00.0;0,00
ITAPERUÇU;411125801A;PR;Centro;-25,219;-49,351;2024-12-03 04:20:00.0;0,00
ITAPERUÇU;411125801A;PR;Centro;-25,219;-49,351;2024-12-03 05:20:00.0;0,00
ITAPERUÇU;411125801A;PR;Centro;-25,219;-49,351;2024-12-03 06:20:00.0;0,00
ITAPERUÇU;411125801A;PR;Centro;-25,219;-49,351;2024-12-03 06:50:00.0;0,20
ITAPERUÇU;411125801A;PR;Centro;-25,219;-49,351;2024-12-03 07:00:00.0;0,20
ITAPERUÇU;411125801A;PR;Centro;-25,219;-49,351;2024-12-03 07:20:00.0;0,00
ITAPERUÇU;411125801A;PR;Centro;-25,219;-49,351;2024-12-03 08:20:00.0;0,00
ITAPERUÇU;411125801A;PR;Centro;-25,219;-49,351;2024-12-03 09:20:00.0;0,20
ITAPERUÇU;411125801A;PR;Centro;-25,219;-49,351;2024-12-03 09:50:00.0;0,20
ITAPERUÇU;411125801A;PR;Centro;-25,219;-49,351;2024-12-03 10:20:00.0;0,00
ITAPERUÇU;411125801A;PR;Centro;-25,219;-49,351;2024-12-03 11:20:00.0;0,39
ITAPERUÇU;411125801A;PR;Centro;-25,219;-49,351;2024-12-03 11:30:00.0;0,20
ITAPERUÇU;411125801A;PR;Centro;-25,219;-49,351;2024-12-03 11:40:00.0;0,20
ITAPERUÇU;411125801A;PR;Centro;-25,219;-49,351;2024-12-03 12:20:00.0;0,00
ITAPERUÇU;411125801A;PR;Centro;-25,219;-49,351;2024-12-03 13:20:00.0;0,00
ITAPERUÇU;411125801A;PR;Centro;-25,219;-49,351;2024-12-03 14:20:00.0;0,00
ITAPERUÇU;411125801A;PR;Centro;-25,219;-49,351;2024-12-03 15:20:00.0;0,00
ITAPERUÇU;411125801A;PR;Centro;-25,219;-49,351;2024-12-03 16:10:00.0;0,20
ITAPERUÇU;411125801A;PR;Centro;-25,219;-49,351;2024-12-03 16:20:00.0;0,00
ITAPERUÇU;411125801A;PR;Centro;-25,219;-49,351;2024-12-03 17:00:00.0;0,20
ITAPERUÇU;411125801A;PR;Centro;-25,219;-49,351;2024-12-03 17:20:00.0;0,20
ITAPERUÇU;411125801A;PR;Centro;-25,219;-49,351;2024-12-03 18:20:00.0;0,00
ITAPERUÇU;411125801A;PR;Centro;-25,219;-49,351;2024-12-03 19:20:00.0;0,00
ITAPERUÇU;411125801A;PR;Centro;-25,219;-49,351;2024-12-03 20:20:00.0;0,00
ITAPERUÇU;411125801A;PR;Centro;-25,219;-49,351;2024-12-03 21:20:00.0;0,00
ITAPERUÇU;411125801A;PR;Centro;-25,219;-49,351;2024-12-03 22:20:00.0;0,00
ITAPERUÇU;411125801A;PR;Centro;-25,219;-49,351;2024-12-03 23:20:00.0;0,00
ITAPERUÇU;411125801A;PR;Centro;-25,219;-49,351;2024-12-04 00:20:00.0;0,00
ITAPERUÇU;411125801A;PR;Centro;-25,219;-49,351;2024-12-04 01:20:00.0;0,00
ITAPERUÇU;411125801A;PR;Centro;-25,219;-49,351;2024-12-04 02:20:00.0;0,00
ITAPERUÇU;411125801A;PR;Centro;-25,219;-49,351;2024-12-04 03:20:00.0;0,00
ITAPERUÇU;411125801A;PR;Centro;-25,219;-49,351;2024-12-04 04:20:00.0;0,00
ITAPERUÇU;411125801A;PR;Centro;-25,219;-49,351;2024-12-04 05:20:00.0;0,00
ITAPERUÇU;411125801A;PR;Centro;-25,219;-49,351;2024-12-04 06:20:00.0;0,00
ITAPERUÇU;411125801A;PR;Centro;-25,219;-49,351;2024-12-04 07:20:00.0;0,00
ITAPERUÇU;411125801A;PR;Centro;-25,219;-49,351;2024-12-04 08:20:00.0;0,00
ITAPERUÇU;411125801A;PR;Centro;-25,219;-49,351;2024-12-04 09:20:00.0;0,00
ITAPERUÇU;411125801A;PR;Centro;-25,219;-49,351;2024-12-04 10:20:00.0;0,00
ITAPERUÇU;411125801A;PR;Centro;-25,219;-49,351;2024-12-04 11:20:00.0;0,00
ITAPERUÇU;411125801A;PR;Centro;-25,219;-49,351;2024-12-04 12:20:00.0;0,00
ITAPERUÇU;411125801A;PR;Centro;-25,219;-49,351;2024-12-04 13:20:00.0;0,00
ITAPERUÇU;411125801A;PR;Centro;-25,219;-49,351;2024-12-04 14:20:00.0;0,00
ITAPERUÇU;411125801A;PR;Centro;-25,219;-49,351;2024-12-04 15:20:00.0;0,00
ITAPERUÇU;411125801A;PR;Centro;-25,219;-49,351;2024-12-04 16:20:00.0;0,00
ITAPERUÇU;411125801A;PR;Centro;-25,219;-49,351;2024-12-04 17:20:00.0;0,00
ITAPERUÇU;411125801A;PR;Centro;-25,219;-49,351;2024-12-04 18:20:00.0;0,00
ITAPERUÇU;411125801A;PR;Centro;-25,219;-49,351;2024-12-04 19:20:00.0;0,00
ITAPERUÇU;411125801A;PR;Centro;-25,219;-49,351;2024-12-04 20:20:00.0;0,00
ITAPERUÇU;411125801A;PR;Centro;-25,219;-49,351;2024-12-04 21:20:00.0;0,00
ITAPERUÇU;411125801A;PR;Centro;-25,219;-49,351;2024-12-04 22:20:00.0;0,00
ITAPERUÇU;411125801A;PR;Centro;-25,219;-49,351;2024-12-04 23:20:00.0;0,00
ITAPERUÇU;411125801A;PR;Centro;-25,219;-49,351;2024-12-05 00:20:00.0;0,00
ITAPERUÇU;411125801A;PR;Centro;-25,219;-49,351;2024-12-05 01:20:00.0;0,00
ITAPERUÇU;411125801A;PR;Centro;-25,219;-49,351;2024-12-05 02:20:00.0;0,00
ITAPERUÇU;411125801A;PR;Centro;-25,219;-49,351;2024-12-05 03:20:00.0;0,00
ITAPERUÇU;411125801A;PR;Centro;-25,219;-49,351;2024-12-05 04:20:00.0;0,00
ITAPERUÇU;411125801A;PR;Centro;-25,219;-49,351;2024-12-05 05:20:00.0;0,00
ITAPERUÇU;411125801A;PR;Centro;-25,219;-49,351;2024-12-05 06:20:00.0;0,00
ITAPERUÇU;411125801A;PR;Centro;-25,219;-49,351;2024-12-05 07:20:00.0;0,00
ITAPERUÇU;411125801A;PR;Centro;-25,219;-49,351;2024-12-05 08:20:00.0;0,00
ITAPERUÇU;411125801A;PR;Centro;-25,219;-49,351;2024-12-05 09:20:00.0;0,00
ITAPERUÇU;411125801A;PR;Centro;-25,219;-49,351;2024-12-05 10:20:00.0;0,00
ITAPERUÇU;411125801A;PR;Centro;-25,219;-49,351;2024-12-05 11:20:00.0;0,00
ITAPERUÇU;411125801A;PR;Centro;-25,219;-49,351;2024-12-05 12:20:00.0;0,00
ITAPERUÇU;411125801A;PR;Centro;-25,219;-49,351;2024-12-05 13:20:00.0;0,00
ITAPERUÇU;411125801A;PR;Centro;-25,219;-49,351;2024-12-05 14:20:00.0;0,00
ITAPERUÇU;411125801A;PR;Centro;-25,219;-49,351;2024-12-05 15:20:00.0;0,00
ITAPERUÇU;411125801A;PR;Centro;-25,219;-49,351;2024-12-05 16:20:00.0;0,00
ITAPERUÇU;411125801A;PR;Centro;-25,219;-49,351;2024-12-05 17:20:00.0;0,00
ITAPERUÇU;411125801A;PR;Centro;-25,219;-49,351;2024-12-05 18:20:00.0;0,00
ITAPERUÇU;411125801A;PR;Centro;-25,219;-49,351;2024-12-05 19:20:00.0;0,00
ITAPERUÇU;411125801A;PR;Centro;-25,219;-49,351;2024-12-05 20:20:00.0;0,00
ITAPERUÇU;411125801A;PR;Centro;-25,219;-49,351;2024-12-05 21:20:00.0;0,00
ITAPERUÇU;411125801A;PR;Centro;-25,219;-49,351;2024-12-05 22:20:00.0;0,00
ITAPERUÇU;411125801A;PR;Centro;-25,219;-49,351;2024-12-05 23:20:00.0;0,00
ITAPERUÇU;411125801A;PR;Centro;-25,219;-49,351;2024-12-06 00:20:00.0;0,00
ITAPERUÇU;411125801A;PR;Centro;-25,219;-49,351;2024-12-06 01:20:00.0;0,00
ITAPERUÇU;411125801A;PR;Centro;-25,219;-49,351;2024-12-06 02:20:00.0;0,00
ITAPERUÇU;411125801A;PR;Centro;-25,219;-49,351;2024-12-06 03:20:00.0;0,00
ITAPERUÇU;411125801A;PR;Centro;-25,219;-49,351;2024-12-06 04:20:00.0;0,00
ITAPERUÇU;411125801A;PR;Centro;-25,219;-49,351;2024-12-06 05:20:00.0;0,00
ITAPERUÇU;411125801A;PR;Centro;-25,219;-49,351;2024-12-06 06:20:00.0;0,00
ITAPERUÇU;411125801A;PR;Centro;-25,219;-49,351;2024-12-06 07:20:00.0;0,00
ITAPERUÇU;411125801A;PR;Centro;-25,219;-49,351;2024-12-06 08:20:00.0;0,00
ITAPERUÇU;411125801A;PR;Centro;-25,219;-49,351;2024-12-06 09:20:00.0;0,00
ITAPERUÇU;411125801A;PR;Centro;-25,219;-49,351;2024-12-06 10:20:00.0;0,00
ITAPERUÇU;411125801A;PR;Centro;-25,219;-49,351;2024-12-06 11:20:00.0;0,00
ITAPERUÇU;411125801A;PR;Centro;-25,219;-49,351;2024-12-06 12:20:00.0;0,00
ITAPERUÇU;411125801A;PR;Centro;-25,219;-49,351;2024-12-06 13:20:00.0;0,00
ITAPERUÇU;411125801A;PR;Centro;-25,219;-49,351;2024-12-06 14:20:00.0;0,00
ITAPERUÇU;411125801A;PR;Centro;-25,219;-49,351;2024-12-06 15:20:00.0;0,00
ITAPERUÇU;411125801A;PR;Centro;-25,219;-49,351;2024-12-06 16:20:00.0;0,00
ITAPERUÇU;411125801A;PR;Centro;-25,219;-49,351;2024-12-06 17:20:00.0;0,00
ITAPERUÇU;411125801A;PR;Centro;-25,219;-49,351;2024-12-06 18:20:00.0;0,00
ITAPERUÇU;411125801A;PR;Centro;-25,219;-49,351;2024-12-06 19:20:00.0;0,00
ITAPERUÇU;411125801A;PR;Centro;-25,219;-49,351;2024-12-06 20:20:00.0;0,00
ITAPERUÇU;411125801A;PR;Centro;-25,219;-49,351;2024-12-06 21:20:00.0;0,00
ITAPERUÇU;411125801A;PR;Centro;-25,219;-49,351;2024-12-06 22:20:00.0;0,00
ITAPERUÇU;411125801A;PR;Centro;-25,219;-49,351;2024-12-06 23:20:00.0;0,00
ITAPERUÇU;411125801A;PR;Centro;-25,219;-49,351;2024-12-07 00:20:00.0;0,00
ITAPERUÇU;411125801A;PR;Centro;-25,219;-49,351;2024-12-07 01:20:00.0;0,00
ITAPERUÇU;411125801A;PR;Centro;-25,219;-49,351;2024-12-07 02:20:00.0;0,00
ITAPERUÇU;411125801A;PR;Centro;-25,219;-49,351;2024-12-07 03:20:00.0;0,00
ITAPERUÇU;411125801A;PR;Centro;-25,219;-49,351;2024-12-07 03:40:00.0;0,79
ITAPERUÇU;411125801A;PR;Centro;-25,219;-49,351;2024-12-07 03:50:00.0;0,20
ITAPERUÇU;411125801A;PR;Centro;-25,219;-49,351;2024-12-07 04:20:00.0;0,20
ITAPERUÇU;411125801A;PR;Centro;-25,219;-49,351;2024-12-07 04:30:00.0;0,42
ITAPERUÇU;411125801A;PR;Centro;-25,219;-49,351;2024-12-07 04:40:00.0;0,39
ITAPERUÇU;411125801A;PR;Centro;-25,219;-49,351;2024-12-07 04:50:00.0;0,20
ITAPERUÇU;411125801A;PR;Centro;-25,219;-49,351;2024-12-07 05:00:00.0;0,20
ITAPERUÇU;411125801A;PR;Centro;-25,219;-49,351;2024-12-07 05:20:00.0;0,00
ITAPERUÇU;411125801A;PR;Centro;-25,219;-49,351;2024-12-07 05:30:00.0;0,20
ITAPERUÇU;411125801A;PR;Centro;-25,219;-49,351;2024-12-07 05:40:00.0;0,59
ITAPERUÇU;411125801A;PR;Centro;-25,219;-49,351;2024-12-07 05:50:00.0;0,39
ITAPERUÇU;411125801A;PR;Centro;-25,219;-49,351;2024-12-07 06:00:00.0;0,79
ITAPERUÇU;411125801A;PR;Centro;-25,219;-49,351;2024-12-07 06:10:00.0;2,76
ITAPERUÇU;411125801A;PR;Centro;-25,219;-49,351;2024-12-07 06:20:00.0;1,97
ITAPERUÇU;411125801A;PR;Centro;-25,219;-49,351;2024-12-07 06:30:00.0;0,20
ITAPERUÇU;411125801A;PR;Centro;-25,219;-49,351;2024-12-07 06:40:00.0;0,39
ITAPERUÇU;411125801A;PR;Centro;-25,219;-49,351;2024-12-07 06:50:00.0;0,79
ITAPERUÇU;411125801A;PR;Centro;-25,219;-49,351;2024-12-07 07:00:00.0;0,39
ITAPERUÇU;411125801A;PR;Centro;-25,219;-49,351;2024-12-07 07:10:00.0;0,39
ITAPERUÇU;411125801A;PR;Centro;-25,219;-49,351;2024-12-07 07:20:00.0;0,79
ITAPERUÇU;411125801A;PR;Centro;-25,219;-49,351;2024-12-07 07:30:00.0;0,59
ITAPERUÇU;411125801A;PR;Centro;-25,219;-49,351;2024-12-07 07:40:00.0;0,59
ITAPERUÇU;411125801A;PR;Centro;-25,219;-49,351;2024-12-07 07:50:00.0;0,59
ITAPERUÇU;411125801A;PR;Centro;-25,219;-49,351;2024-12-07 08:00:00.0;0,20
ITAPERUÇU;411125801A;PR;Centro;-25,219;-49,351;2024-12-07 08:20:00.0;0,42
ITAPERUÇU;411125801A;PR;Centro;-25,219;-49,351;2024-12-07 08:40:00.0;0,20
ITAPERUÇU;411125801A;PR;Centro;-25,219;-49,351;2024-12-07 08:50:00.0;0,20
ITAPERUÇU;411125801A;PR;Centro;-25,219;-49,351;2024-12-07 09:10:00.0;0,20
ITAPERUÇU;411125801A;PR;Centro;-25,219;-49,351;2024-12-07 09:20:00.0;0,00
ITAPERUÇU;411125801A;PR;Centro;-25,219;-49,351;2024-12-07 09:50:00.0;0,20
ITAPERUÇU;411125801A;PR;Centro;-25,219;-49,351;2024-12-07 10:00:00.0;0,20
ITAPERUÇU;411125801A;PR;Centro;-25,219;-49,351;2024-12-07 10:10:00.0;0,39
ITAPERUÇU;411125801A;PR;Centro;-25,219;-49,351;2024-12-07 10:20:00.0;0,00
ITAPERUÇU;411125801A;PR;Centro;-25,219;-49,351;2024-12-07 11:20:00.0;0,00
ITAPERUÇU;411125801A;PR;Centro;-25,219;-49,351;2024-12-07 12:10:00.0;0,20
ITAPERUÇU;411125801A;PR;Centro;-25,219;-49,351;2024-12-07 12:20:00.0;0,59
ITAPERUÇU;411125801A;PR;Centro;-25,219;-49,351;2024-12-07 12:30:00.0;2,36
ITAPERUÇU;411125801A;PR;Centro;-25,219;-49,351;2024-12-07 12:40:00.0;5,19
ITAPERUÇU;411125801A;PR;Centro;-25,219;-49,351;2024-12-07 12:50:00.0;5,31
ITAPERUÇU;411125801A;PR;Centro;-25,219;-49,351;2024-12-07 13:00:00.0;3,55
ITAPERUÇU;411125801A;PR;Centro;-25,219;-49,351;2024-12-07 13:10:00.0;1,96
ITAPERUÇU;411125801A;PR;Centro;-25,219;-49,351;2024-12-07 13:20:00.0;6,30
ITAPERUÇU;411125801A;PR;Centro;-25,219;-49,351;2024-12-07 13:30:00.0;1,77
ITAPERUÇU;411125801A;PR;Centro;-25,219;-49,351;2024-12-07 13:40:00.0;7,10
ITAPERUÇU;411125801A;PR;Centro;-25,219;-49,351;2024-12-07 13:50:00.0;7,91
ITAPERUÇU;411125801A;PR;Centro;-25,219;-49,351;2024-12-07 14:00:00.0;11,99
ITAPERUÇU;411125801A;PR;Centro;-25,219;-49,351;2024-12-07 14:10:00.0;2,76
ITAPERUÇU;411125801A;PR;Centro;-25,219;-49,351;2024-12-07 14:20:00.0;0,79
ITAPERUÇU;411125801A;PR;Centro;-25,219;-49,351;2024-12-07 14:30:00.0;1,37
ITAPERUÇU;411125801A;PR;Centro;-25,219;-49,351;2024-12-07 14:40:00.0;0,59
ITAPERUÇU;411125801A;PR;Centro;-25,219;-49,351;2024-12-07 15:00:00.0;1,18
ITAPERUÇU;411125801A;PR;Centro;-25,219;-49,351;2024-12-07 15:10:00.0;6,10
ITAPERUÇU;411125801A;PR;Centro;-25,219;-49,351;2024-12-07 15:20:00.0;1,37
ITAPERUÇU;411125801A;PR;Centro;-25,219;-49,351;2024-12-07 15:30:00.0;1,18
ITAPERUÇU;411125801A;PR;Centro;-25,219;-49,351;2024-12-07 15:40:00.0;0,79
ITAPERUÇU;411125801A;PR;Centro;-25,219;-49,351;2024-12-07 15:50:00.0;1,37
ITAPERUÇU;411125801A;PR;Centro;-25,219;-49,351;2024-12-07 16:00:00.0;2,75
ITAPERUÇU;411125801A;PR;Centro;-25,219;-49,351;2024-12-07 16:10:00.0;7,50
ITAPERUÇU;411125801A;PR;Centro;-25,219;-49,351;2024-12-07 16:20:00.0;2,76
ITAPERUÇU;411125801A;PR;Centro;-25,219;-49,351;2024-12-07 16:30:00.0;2,95
ITAPERUÇU;411125801A;PR;Centro;-25,219;-49,351;2024-12-07 16:40:00.0;1,77
ITAPERUÇU;411125801A;PR;Centro;-25,219;-49,351;2024-12-07 16:50:00.0;1,37
ITAPERUÇU;411125801A;PR;Centro;-25,219;-49,351;2024-12-07 17:00:00.0;0,98
ITAPERUÇU;411125801A;PR;Centro;-25,219;-49,351;2024-12-07 17:10:00.0;1,77
ITAPERUÇU;411125801A;PR;Centro;-25,219;-49,351;2024-12-07 17:20:00.0;2,75
ITAPERUÇU;411125801A;PR;Centro;-25,219;-49,351;2024-12-07 17:30:00.0;1,37
ITAPERUÇU;411125801A;PR;Centro;-25,219;-49,351;2024-12-07 17:40:00.0;1,57
ITAPERUÇU;411125801A;PR;Centro;-25,219;-49,351;2024-12-07 17:50:00.0;1,37
ITAPERUÇU;411125801A;PR;Centro;-25,219;-49,351;2024-12-07 18:00:00.0;1,37
ITAPERUÇU;411125801A;PR;Centro;-25,219;-49,351;2024-12-07 18:10:00.0;0,98
ITAPERUÇU;411125801A;PR;Centro;-25,219;-49,351;2024-12-07 18:20:00.0;1,18
ITAPERUÇU;411125801A;PR;Centro;-25,219;-49,351;2024-12-07 18:30:00.0;0,79
ITAPERUÇU;411125801A;PR;Centro;-25,219;-49,351;2024-12-07 18:40:00.0;0,39
ITAPERUÇU;411125801A;PR;Centro;-25,219;-49,351;2024-12-07 18:50:00.0;0,79
ITAPERUÇU;411125801A;PR;Centro;-25,219;-49,351;2024-12-07 19:00:00.0;0,59
ITAPERUÇU;411125801A;PR;Centro;-25,219;-49,351;2024-12-07 19:10:00.0;0,39
ITAPERUÇU;411125801A;PR;Centro;-25,219;-49,351;2024-12-07 19:20:00.0;0,20
ITAPERUÇU;411125801A;PR;Centro;-25,219;-49,351;2024-12-07 19:40:00.0;0,20
ITAPERUÇU;411125801A;PR;Centro;-25,219;-49,351;2024-12-07 20:00:00.0;0,20
ITAPERUÇU;411125801A;PR;Centro;-25,219;-49,351;2024-12-07 20:10:00.0;0,79
ITAPERUÇU;411125801A;PR;Centro;-25,219;-49,351;2024-12-07 20:20:00.0;0,98
ITAPERUÇU;411125801A;PR;Centro;-25,219;-49,351;2024-12-07 20:30:00.0;0,59
ITAPERUÇU;411125801A;PR;Centro;-25,219;-49,351;2024-12-07 20:40:00.0;0,59
ITAPERUÇU;411125801A;PR;Centro;-25,219;-49,351;2024-12-07 20:50:00.0;0,59
ITAPERUÇU;411125801A;PR;Centro;-25,219;-49,351;2024-12-07 21:00:00.0;0,39
ITAPERUÇU;411125801A;PR;Centro;-25,219;-49,351;2024-12-07 21:10:00.0;0,39
ITAPERUÇU;411125801A;PR;Centro;-25,219;-49,351;2024-12-07 21:20:00.0;0,59
ITAPERUÇU;411125801A;PR;Centro;-25,219;-49,351;2024-12-07 21:30:00.0;0,59
ITAPERUÇU;411125801A;PR;Centro;-25,219;-49,351;2024-12-07 21:40:00.0;0,59
ITAPERUÇU;411125801A;PR;Centro;-25,219;-49,351;2024-12-07 21:50:00.0;0,20
ITAPERUÇU;411125801A;PR;Centro;-25,219;-49,351;2024-12-07 22:00:00.0;0,98
ITAPERUÇU;411125801A;PR;Centro;-25,219;-49,351;2024-12-07 22:10:00.0;0,20
ITAPERUÇU;411125801A;PR;Centro;-25,219;-49,351;2024-12-07 22:20:00.0;0,20
ITAPERUÇU;411125801A;PR;Centro;-25,219;-49,351;2024-12-07 22:30:00.0;0,20
ITAPERUÇU;411125801A;PR;Centro;-25,219;-49,351;2024-12-07 22:40:00.0;0,42
ITAPERUÇU;411125801A;PR;Centro;-25,219;-49,351;2024-12-07 22:50:00.0;0,20
ITAPERUÇU;411125801A;PR;Centro;-25,219;-49,351;2024-12-07 23:10:00.0;0,20
ITAPERUÇU;411125801A;PR;Centro;-25,219;-49,351;2024-12-07 23:20:00.0;0,00
ITAPERUÇU;411125801A;PR;Centro;-25,219;-49,351;2024-12-07 23:30:00.0;0,20
ITAPERUÇU;411125801A;PR;Centro;-25,219;-49,351;2024-12-08 00:00:00.0;0,39
ITAPERUÇU;411125801A;PR;Centro;-25,219;-49,351;2024-12-08 00:10:00.0;1,18
ITAPERUÇU;411125801A;PR;Centro;-25,219;-49,351;2024-12-08 00:20:00.0;0,98
ITAPERUÇU;411125801A;PR;Centro;-25,219;-49,351;2024-12-08 00:30:00.0;0,59
ITAPERUÇU;411125801A;PR;Centro;-25,219;-49,351;2024-12-08 00:40:00.0;2,36
ITAPERUÇU;411125801A;PR;Centro;-25,219;-49,351;2024-12-08 00:50:00.0;0,79
ITAPERUÇU;411125801A;PR;Centro;-25,219;-49,351;2024-12-08 01:00:00.0;0,98
ITAPERUÇU;411125801A;PR;Centro;-25,219;-49,351;2024-12-08 01:10:00.0;0,59
ITAPERUÇU;411125801A;PR;Centro;-25,219;-49,351;2024-12-08 01:20:00.0;0,39
ITAPERUÇU;411125801A;PR;Centro;-25,219;-49,351;2024-12-08 01:30:00.0;0,59
ITAPERUÇU;411125801A;PR;Centro;-25,219;-49,351;2024-12-08 01:40:00.0;0,59
ITAPERUÇU;411125801A;PR;Centro;-25,219;-49,351;2024-12-08 01:50:00.0;0,42
ITAPERUÇU;411125801A;PR;Centro;-25,219;-49,351;2024-12-08 02:00:00.0;0,39
ITAPERUÇU;411125801A;PR;Centro;-25,219;-49,351;2024-12-08 02:10:00.0;0,39
ITAPERUÇU;411125801A;PR;Centro;-25,219;-49,351;2024-12-08 02:20:00.0;0,20
ITAPERUÇU;411125801A;PR;Centro;-25,219;-49,351;2024-12-08 02:30:00.0;0,20
ITAPERUÇU;411125801A;PR;Centro;-25,219;-49,351;2024-12-08 02:50:00.0;0,20
ITAPERUÇU;411125801A;PR;Centro;-25,219;-49,351;2024-12-08 03:10:00.0;0,20
ITAPERUÇU;411125801A;PR;Centro;-25,219;-49,351;2024-12-08 03:20:00.0;0,00
ITAPERUÇU;411125801A;PR;Centro;-25,219;-49,351;2024-12-08 03:30:00.0;0,20
ITAPERUÇU;411125801A;PR;Centro;-25,219;-49,351;2024-12-08 03:40:00.0;0,20
ITAPERUÇU;411125801A;PR;Centro;-25,219;-49,351;2024-12-08 03:50:00.0;0,42
ITAPERUÇU;411125801A;PR;Centro;-25,219;-49,351;2024-12-08 04:00:00.0;0,20
ITAPERUÇU;411125801A;PR;Centro;-25,219;-49,351;2024-12-08 04:20:00.0;0,20
ITAPERUÇU;411125801A;PR;Centro;-25,219;-49,351;2024-12-08 04:30:00.0;0,20
ITAPERUÇU;411125801A;PR;Centro;-25,219;-49,351;2024-12-08 04:40:00.0;0,20
ITAPERUÇU;411125801A;PR;Centro;-25,219;-49,351;2024-12-08 05:00:00.0;0,20
ITAPERUÇU;411125801A;PR;Centro;-25,219;-49,351;2024-12-08 05:20:00.0;0,39
ITAPERUÇU;411125801A;PR;Centro;-25,219;-49,351;2024-12-08 05:30:00.0;0,59
ITAPERUÇU;411125801A;PR;Centro;-25,219;-49,351;2024-12-08 05:40:00.0;0,39
ITAPERUÇU;411125801A;PR;Centro;-25,219;-49,351;2024-12-08 05:50:00.0;0,20
ITAPERUÇU;411125801A;PR;Centro;-25,219;-49,351;2024-12-08 06:00:00.0;0,20
ITAPERUÇU;411125801A;PR;Centro;-25,219;-49,351;2024-12-08 06:10:00.0;0,39
ITAPERUÇU;411125801A;PR;Centro;-25,219;-49,351;2024-12-08 06:20:00.0;0,42
ITAPERUÇU;411125801A;PR;Centro;-25,219;-49,351;2024-12-08 06:50:00.0;0,20
ITAPERUÇU;411125801A;PR;Centro;-25,219;-49,351;2024-12-08 07:10:00.0;0,20
ITAPERUÇU;411125801A;PR;Centro;-25,219;-49,351;2024-12-08 07:20:00.0;0,00
ITAPERUÇU;411125801A;PR;Centro;-25,219;-49,351;2024-12-08 07:30:00.0;0,20
ITAPERUÇU;411125801A;PR;Centro;-25,219;-49,351;2024-12-08 08:20:00.0;0,00
ITAPERUÇU;411125801A;PR;Centro;-25,219;-49,351;2024-12-08 09:20:00.0;0,00
ITAPERUÇU;411125801A;PR;Centro;-25,219;-49,351;2024-12-08 10:20:00.0;0,00
ITAPERUÇU;411125801A;PR;Centro;-25,219;-49,351;2024-12-08 11:20:00.0;0,00
ITAPERUÇU;411125801A;PR;Centro;-25,219;-49,351;2024-12-08 12:20:00.0;0,00
ITAPERUÇU;411125801A;PR;Centro;-25,219;-49,351;2024-12-08 13:20:00.0;0,00
ITAPERUÇU;411125801A;PR;Centro;-25,219;-49,351;2024-12-08 14:20:00.0;0,00
ITAPERUÇU;411125801A;PR;Centro;-25,219;-49,351;2024-12-08 15:20:00.0;0,00
ITAPERUÇU;411125801A;PR;Centro;-25,219;-49,351;2024-12-08 16:20:00.0;0,00
ITAPERUÇU;411125801A;PR;Centro;-25,219;-49,351;2024-12-08 17:20:00.0;0,00
ITAPERUÇU;411125801A;PR;Centro;-25,219;-49,351;2024-12-08 18:10:00.0;0,20
ITAPERUÇU;411125801A;PR;Centro;-25,219;-49,351;2024-12-08 18:20:00.0;0,79
ITAPERUÇU;411125801A;PR;Centro;-25,219;-49,351;2024-12-08 18:30:00.0;0,39
ITAPERUÇU;411125801A;PR;Centro;-25,219;-49,351;2024-12-08 18:40:00.0;0,20
ITAPERUÇU;411125801A;PR;Centro;-25,219;-49,351;2024-12-08 18:50:00.0;0,79
ITAPERUÇU;411125801A;PR;Centro;-25,219;-49,351;2024-12-08 19:00:00.0;0,20
ITAPERUÇU;411125801A;PR;Centro;-25,219;-49,351;2024-12-08 19:20:00.0;0,00
ITAPERUÇU;411125801A;PR;Centro;-25,219;-49,351;2024-12-08 20:20:00.0;0,00
ITAPERUÇU;411125801A;PR;Centro;-25,219;-49,351;2024-12-08 21:20:00.0;0,00
ITAPERUÇU;411125801A;PR;Centro;-25,219;-49,351;2024-12-08 22:00:00.0;0,39
ITAPERUÇU;411125801A;PR;Centro;-25,219;-49,351;2024-12-08 22:10:00.0;0,20
ITAPERUÇU;411125801A;PR;Centro;-25,219;-49,351;2024-12-08 22:20:00.0;0,98
ITAPERUÇU;411125801A;PR;Centro;-25,219;-49,351;2024-12-08 22:30:00.0;0,59
ITAPERUÇU;411125801A;PR;Centro;-25,219;-49,351;2024-12-08 22:40:00.0;0,39
ITAPERUÇU;411125801A;PR;Centro;-25,219;-49,351;2024-12-08 22:50:00.0;0,79
ITAPERUÇU;411125801A;PR;Centro;-25,219;-49,351;2024-12-08 23:00:00.0;0,20
ITAPERUÇU;411125801A;PR;Centro;-25,219;-49,351;2024-12-08 23:20:00.0;0,20
ITAPERUÇU;411125801A;PR;Centro;-25,219;-49,351;2024-12-09 00:20:00.0;0,00
ITAPERUÇU;411125801A;PR;Centro;-25,219;-49,351;2024-12-09 01:20:00.0;0,00
ITAPERUÇU;411125801A;PR;Centro;-25,219;-49,351;2024-12-09 02:20:00.0;0,00
ITAPERUÇU;411125801A;PR;Centro;-25,219;-49,351;2024-12-09 03:00:00.0;0,20
ITAPERUÇU;411125801A;PR;Centro;-25,219;-49,351;2024-12-09 03:10:00.0;0,59
ITAPERUÇU;411125801A;PR;Centro;-25,219;-49,351;2024-12-09 03:20:00.0;0,00
ITAPERUÇU;411125801A;PR;Centro;-25,219;-49,351;2024-12-09 03:30:00.0;0,20
ITAPERUÇU;411125801A;PR;Centro;-25,219;-49,351;2024-12-09 03:40:00.0;0,20
ITAPERUÇU;411125801A;PR;Centro;-25,219;-49,351;2024-12-09 03:50:00.0;0,39
ITAPERUÇU;411125801A;PR;Centro;-25,219;-49,351;2024-12-09 04:20:00.0;0,59
ITAPERUÇU;411125801A;PR;Centro;-25,219;-49,351;2024-12-09 04:30:00.0;0,20
ITAPERUÇU;411125801A;PR;Centro;-25,219;-49,351;2024-12-09 05:00:00.0;0,20
ITAPERUÇU;411125801A;PR;Centro;-25,219;-49,351;2024-12-09 05:20:00.0;1,58
ITAPERUÇU;411125801A;PR;Centro;-25,219;-49,351;2024-12-09 05:30:00.0;0,39
ITAPERUÇU;411125801A;PR;Centro;-25,219;-49,351;2024-12-09 05:40:00.0;1,18
ITAPERUÇU;411125801A;PR;Centro;-25,219;-49,351;2024-12-09 05:50:00.0;0,98
ITAPERUÇU;411125801A;PR;Centro;-25,219;-49,351;2024-12-09 06:00:00.0;1,18
ITAPERUÇU;411125801A;PR;Centro;-25,219;-49,351;2024-12-09 06:10:00.0;0,79
ITAPERUÇU;411125801A;PR;Centro;-25,219;-49,351;2024-12-09 06:20:00.0;0,59
ITAPERUÇU;411125801A;PR;Centro;-25,219;-49,351;2024-12-09 06:30:00.0;0,20
ITAPERUÇU;411125801A;PR;Centro;-25,219;-49,351;2024-12-09 06:40:00.0;0,20
ITAPERUÇU;411125801A;PR;Centro;-25,219;-49,351;2024-12-09 07:20:00.0;0,39
ITAPERUÇU;411125801A;PR;Centro;-25,219;-49,351;2024-12-09 07:30:00.0;0,39
ITAPERUÇU;411125801A;PR;Centro;-25,219;-49,351;2024-12-09 08:10:00.0;0,20
ITAPERUÇU;411125801A;PR;Centro;-25,219;-49,351;2024-12-09 08:20:00.0;0,00
ITAPERUÇU;411125801A;PR;Centro;-25,219;-49,351;2024-12-09 09:20:00.0;0,00
ITAPERUÇU;411125801A;PR;Centro;-25,219;-49,351;2024-12-09 09:40:00.0;0,42
ITAPERUÇU;411125801A;PR;Centro;-25,219;-49,351;2024-12-09 09:50:00.0;0,39
ITAPERUÇU;411125801A;PR;Centro;-25,219;-49,351;2024-12-09 10:00:00.0;0,20
ITAPERUÇU;411125801A;PR;Centro;-25,219;-49,351;2024-12-09 10:10:00.0;0,20
ITAPERUÇU;411125801A;PR;Centro;-25,219;-49,351;2024-12-09 10:20:00.0;0,00
ITAPERUÇU;411125801A;PR;Centro;-25,219;-49,351;2024-12-09 11:00:00.0;0,20
ITAPERUÇU;411125801A;PR;Centro;-25,219;-49,351;2024-12-09 11:20:00.0;0,42
ITAPERUÇU;411125801A;PR;Centro;-25,219;-49,351;2024-12-09 11:50:00.0;0,20
ITAPERUÇU;411125801A;PR;Centro;-25,219;-49,351;2024-12-09 12:00:00.0;0,20
ITAPERUÇU;411125801A;PR;Centro;-25,219;-49,351;2024-12-09 12:20:00.0;0,00
ITAPERUÇU;411125801A;PR;Centro;-25,219;-49,351;2024-12-09 12:30:00.0;0,20
ITAPERUÇU;411125801A;PR;Centro;-25,219;-49,351;2024-12-09 12:40:00.0;0,79
ITAPERUÇU;411125801A;PR;Centro;-25,219;-49,351;2024-12-09 12:50:00.0;1,37
ITAPERUÇU;411125801A;PR;Centro;-25,219;-49,351;2024-12-09 13:00:00.0;0,59
ITAPERUÇU;411125801A;PR;Centro;-25,219;-49,351;2024-12-09 13:10:00.0;0,59
ITAPERUÇU;411125801A;PR;Centro;-25,219;-49,351;2024-12-09 13:20:00.0;0,20
ITAPERUÇU;411125801A;PR;Centro;-25,219;-49,351;2024-12-09 13:30:00.0;0,20
ITAPERUÇU;411125801A;PR;Centro;-25,219;-49,351;2024-12-09 13:40:00.0;0,79
ITAPERUÇU;411125801A;PR;Centro;-25,219;-49,351;2024-12-09 13:50:00.0;1,77
ITAPERUÇU;411125801A;PR;Centro;-25,219;-49,351;2024-12-09 14:00:00.0;0,59
ITAPERUÇU;411125801A;PR;Centro;-25,219;-49,351;2024-12-09 14:10:00.0;0,98
ITAPERUÇU;411125801A;PR;Centro;-25,219;-49,351;2024-12-09 14:20:00.0;1,57
ITAPERUÇU;411125801A;PR;Centro;-25,219;-49,351;2024-12-09 14:30:00.0;2,75
ITAPERUÇU;411125801A;PR;Centro;-25,219;-49,351;2024-12-09 14:40:00.0;1,37
ITAPERUÇU;411125801A;PR;Centro;-25,219;-49,351;2024-12-09 14:50:00.0;0,79
ITAPERUÇU;411125801A;PR;Centro;-25,219;-49,351;2024-12-09 15:00:00.0;0,79
ITAPERUÇU;411125801A;PR;Centro;-25,219;-49,351;2024-12-09 15:10:00.0;0,79
ITAPERUÇU;411125801A;PR;Centro;-25,219;-49,351;2024-12-09 15:20:00.0;0,20
ITAPERUÇU;411125801A;PR;Centro;-25,219;-49,351;2024-12-09 15:30:00.0;0,98
ITAPERUÇU;411125801A;PR;Centro;-25,219;-49,351;2024-12-09 15:40:00.0;1,37
ITAPERUÇU;411125801A;PR;Centro;-25,219;-49,351;2024-12-09 15:50:00.0;5,12
ITAPERUÇU;411125801A;PR;Centro;-25,219;-49,351;2024-12-09 16:00:00.0;2,56
ITAPERUÇU;411125801A;PR;Centro;-25,219;-49,351;2024-12-09 16:10:00.0;0,79
ITAPERUÇU;411125801A;PR;Centro;-25,219;-49,351;2024-12-09 16:20:00.0;0,20
ITAPERUÇU;411125801A;PR;Centro;-25,219;-49,351;2024-12-09 16:30:00.0;0,20
ITAPERUÇU;411125801A;PR;Centro;-25,219;-49,351;2024-12-09 17:10:00.0;0,20
ITAPERUÇU;411125801A;PR;Centro;-25,219;-49,351;2024-12-09 17:20:00.0;0,20
ITAPERUÇU;411125801A;PR;Centro;-25,219;-49,351;2024-12-09 18:10:00.0;0,20
ITAPERUÇU;411125801A;PR;Centro;-25,219;-49,351;2024-12-09 18:20:00.0;0,59
ITAPERUÇU;411125801A;PR;Centro;-25,219;-49,351;2024-12-09 18:30:00.0;0,79
ITAPERUÇU;411125801A;PR;Centro;-25,219;-49,351;2024-12-09 18:40:00.0;0,98
ITAPERUÇU;411125801A;PR;Centro;-25,219;-49,351;2024-12-09 18:50:00.0;0,98
ITAPERUÇU;411125801A;PR;Centro;-25,219;-49,351;2024-12-09 19:00:00.0;0,79
ITAPERUÇU;411125801A;PR;Centro;-25,219;-49,351;2024-12-09 19:10:00.0;1,37
ITAPERUÇU;411125801A;PR;Centro;-25,219;-49,351;2024-12-09 19:20:00.0;1,37
ITAPERUÇU;411125801A;PR;Centro;-25,219;-49,351;2024-12-09 19:30:00.0;0,20
ITAPERUÇU;411125801A;PR;Centro;-25,219;-49,351;2024-12-09 19:40:00.0;0,20
ITAPERUÇU;411125801A;PR;Centro;-25,219;-49,351;2024-12-09 20:00:00.0;0,79
ITAPERUÇU;411125801A;PR;Centro;-25,219;-49,351;2024-12-09 20:10:00.0;0,39
ITAPERUÇU;411125801A;PR;Centro;-25,219;-49,351;2024-12-09 20:20:00.0;0,20
ITAPERUÇU;411125801A;PR;Centro;-25,219;-49,351;2024-12-09 20:30:00.0;1,18
ITAPERUÇU;411125801A;PR;Centro;-25,219;-49,351;2024-12-09 20:40:00.0;1,96
ITAPERUÇU;411125801A;PR;Centro;-25,219;-49,351;2024-12-09 20:50:00.0;1,18
ITAPERUÇU;411125801A;PR;Centro;-25,219;-49,351;2024-12-09 21:00:00.0;1,18
ITAPERUÇU;411125801A;PR;Centro;-25,219;-49,351;2024-12-09 21:10:00.0;0,79
ITAPERUÇU;411125801A;PR;Centro;-25,219;-49,351;2024-12-09 21:20:00.0;0,79
ITAPERUÇU;411125801A;PR;Centro;-25,219;-49,351;2024-12-09 21:30:00.0;0,20
ITAPERUÇU;411125801A;PR;Centro;-25,219;-49,351;2024-12-09 21:40:00.0;0,39
ITAPERUÇU;411125801A;PR;Centro;-25,219;-49,351;2024-12-09 22:00:00.0;0,39
ITAPERUÇU;411125801A;PR;Centro;-25,219;-49,351;2024-12-09 22:10:00.0;0,39
ITAPERUÇU;411125801A;PR;Centro;-25,219;-49,351;2024-12-09 22:20:00.0;0,39
ITAPERUÇU;411125801A;PR;Centro;-25,219;-49,351;2024-12-09 22:30:00.0;0,20
ITAPERUÇU;411125801A;PR;Centro;-25,219;-49,351;2024-12-09 22:50:00.0;0,20
ITAPERUÇU;411125801A;PR;Centro;-25,219;-49,351;2024-12-09 23:00:00.0;0,39
ITAPERUÇU;411125801A;PR;Centro;-25,219;-49,351;2024-12-09 23:10:00.0;0,59
ITAPERUÇU;411125801A;PR;Centro;-25,219;-49,351;2024-12-09 23:20:00.0;0,00
ITAPERUÇU;411125801A;PR;Centro;-25,219;-49,351;2024-12-09 23:30:00.0;0,39
ITAPERUÇU;411125801A;PR;Centro;-25,219;-49,351;2024-12-09 23:40:00.0;0,39
ITAPERUÇU;411125801A;PR;Centro;-25,219;-49,351;2024-12-09 23:50:00.0;0,59
ITAPERUÇU;411125801A;PR;Centro;-25,219;-49,351;2024-12-10 00:00:00.0;0,20
ITAPERUÇU;411125801A;PR;Centro;-25,219;-49,351;2024-12-10 00:10:00.0;0,39
ITAPERUÇU;411125801A;PR;Centro;-25,219;-49,351;2024-12-10 00:20:00.0;0,20
ITAPERUÇU;411125801A;PR;Centro;-25,219;-49,351;2024-12-10 00:30:00.0;0,20
ITAPERUÇU;411125801A;PR;Centro;-25,219;-49,351;2024-12-10 00:50:00.0;0,20
ITAPERUÇU;411125801A;PR;Centro;-25,219;-49,351;2024-12-10 01:00:00.0;0,42
ITAPERUÇU;411125801A;PR;Centro;-25,219;-49,351;2024-12-10 01:20:00.0;0,20
ITAPERUÇU;411125801A;PR;Centro;-25,219;-49,351;2024-12-10 01:40:00.0;0,20
ITAPERUÇU;411125801A;PR;Centro;-25,219;-49,351;2024-12-10 02:20:00.0;0,20
ITAPERUÇU;411125801A;PR;Centro;-25,219;-49,351;2024-12-10 02:30:00.0;0,20
ITAPERUÇU;411125801A;PR;Centro;-25,219;-49,351;2024-12-10 02:40:00.0;0,20
ITAPERUÇU;411125801A;PR;Centro;-25,219;-49,351;2024-12-10 02:50:00.0;1,97
ITAPERUÇU;411125801A;PR;Centro;-25,219;-49,351;2024-12-10 03:00:00.0;3,15
ITAPERUÇU;411125801A;PR;Centro;-25,219;-49,351;2024-12-10 03:10:00.0;0,20
ITAPERUÇU;411125801A;PR;Centro;-25,219;-49,351;2024-12-10 03:20:00.0;0,98
ITAPERUÇU;411125801A;PR;Centro;-25,219;-49,351;2024-12-10 03:30:00.0;0,20
ITAPERUÇU;411125801A;PR;Centro;-25,219;-49,351;2024-12-10 03:40:00.0;0,59
ITAPERUÇU;411125801A;PR;Centro;-25,219;-49,351;2024-12-10 03:50:00.0;0,59
ITAPERUÇU;411125801A;PR;Centro;-25,219;-49,351;2024-12-10 04:00:00.0;0,39
ITAPERUÇU;411125801A;PR;Centro;-25,219;-49,351;2024-12-10 04:10:00.0;0,42
ITAPERUÇU;411125801A;PR;Centro;-25,219;-49,351;2024-12-10 04:20:00.0;0,20
ITAPERUÇU;411125801A;PR;Centro;-25,219;-49,351;2024-12-10 04:40:00.0;0,20
ITAPERUÇU;411125801A;PR;Centro;-25,219;-49,351;2024-12-10 04:50:00.0;0,20
ITAPERUÇU;411125801A;PR;Centro;-25,219;-49,351;2024-12-10 05:10:00.0;0,20
ITAPERUÇU;411125801A;PR;Centro;-25,219;-49,351;2024-12-10 05:20:00.0;0,20
ITAPERUÇU;411125801A;PR;Centro;-25,219;-49,351;2024-12-10 05:30:00.0;0,59
ITAPERUÇU;411125801A;PR;Centro;-25,219;-49,351;2024-12-10 05:40:00.0;0,20
ITAPERUÇU;411125801A;PR;Centro;-25,219;-49,351;2024-12-10 06:00:00.0;0,20
ITAPERUÇU;411125801A;PR;Centro;-25,219;-49,351;2024-12-10 06:20:00.0;0,00
ITAPERUÇU;411125801A;PR;Centro;-25,219;-49,351;2024-12-10 07:10:00.0;0,20
ITAPERUÇU;411125801A;PR;Centro;-25,219;-49,351;2024-12-10 07:20:00.0;1,77
ITAPERUÇU;411125801A;PR;Centro;-25,219;-49,351;2024-12-10 07:30:00.0;3,54
ITAPERUÇU;411125801A;PR;Centro;-25,219;-49,351;2024-12-10 07:40:00.0;0,20
ITAPERUÇU;411125801A;PR;Centro;-25,219;-49,351;2024-12-10 07:50:00.0;0,20
ITAPERUÇU;411125801A;PR;Centro;-25,219;-49,351;2024-12-10 08:00:00.0;0,42
ITAPERUÇU;411125801A;PR;Centro;-25,219;-49,351;2024-12-10 08:10:00.0;0,20
ITAPERUÇU;411125801A;PR;Centro;-25,219;-49,351;2024-12-10 08:20:00.0;0,39
ITAPERUÇU;411125801A;PR;Centro;-25,219;-49,351;2024-12-10 08:30:00.0;0,59
ITAPERUÇU;411125801A;PR;Centro;-25,219;-49,351;2024-12-10 08:40:00.0;1,38
ITAPERUÇU;411125801A;PR;Centro;-25,219;-49,351;2024-12-10 08:50:00.0;0,20
ITAPERUÇU;411125801A;PR;Centro;-25,219;-49,351;2024-12-10 09:00:00.0;0,59
ITAPERUÇU;411125801A;PR;Centro;-25,219;-49,351;2024-12-10 09:20:00.0;0,20
ITAPERUÇU;411125801A;PR;Centro;-25,219;-49,351;2024-12-10 09:50:00.0;0,20
ITAPERUÇU;411125801A;PR;Centro;-25,219;-49,351;2024-12-10 10:20:00.0;0,00
ITAPERUÇU;411125801A;PR;Centro;-25,219;-49,351;2024-12-10 10:30:00.0;0,20
ITAPERUÇU;411125801A;PR;Centro;-25,219;-49,351;2024-12-10 11:20:00.0;0,20
ITAPERUÇU;411125801A;PR;Centro;-25,219;-49,351;2024-12-10 11:30:00.0;0,20
ITAPERUÇU;411125801A;PR;Centro;-25,219;-49,351;2024-12-10 11:40:00.0;0,20
ITAPERUÇU;411125801A;PR;Centro;-25,219;-49,351;2024-12-10 12:00:00.0;0,42
ITAPERUÇU;411125801A;PR;Centro;-25,219;-49,351;2024-12-10 12:20:00.0;0,79
ITAPERUÇU;411125801A;PR;Centro;-25,219;-49,351;2024-12-10 12:30:00.0;0,59
ITAPERUÇU;411125801A;PR;Centro;-25,219;-49,351;2024-12-10 12:40:00.0;0,59
ITAPERUÇU;411125801A;PR;Centro;-25,219;-49,351;2024-12-10 13:10:00.0;0,20
ITAPERUÇU;411125801A;PR;Centro;-25,219;-49,351;2024-12-10 13:20:00.0;0,00
ITAPERUÇU;411125801A;PR;Centro;-25,219;-49,351;2024-12-10 14:20:00.0;0,00
ITAPERUÇU;411125801A;PR;Centro;-25,219;-49,351;2024-12-10 15:20:00.0;0,00
ITAPERUÇU;411125801A;PR;Centro;-25,219;-49,351;2024-12-10 16:20:00.0;0,00
ITAPERUÇU;411125801A;PR;Centro;-25,219;-49,351;2024-12-10 17:20:00.0;0,00
ITAPERUÇU;411125801A;PR;Centro;-25,219;-49,351;2024-12-10 18:20:00.0;0,00
ITAPERUÇU;411125801A;PR;Centro;-25,219;-49,351;2024-12-10 19:20:00.0;0,00
ITAPERUÇU;411125801A;PR;Centro;-25,219;-49,351;2024-12-10 20:00:00.0;0,39
ITAPERUÇU;411125801A;PR;Centro;-25,219;-49,351;2024-12-10 20:20:00.0;0,00
ITAPERUÇU;411125801A;PR;Centro;-25,219;-49,351;2024-12-10 21:20:00.0;0,00
ITAPERUÇU;411125801A;PR;Centro;-25,219;-49,351;2024-12-10 22:20:00.0;0,00
ITAPERUÇU;411125801A;PR;Centro;-25,219;-49,351;2024-12-10 23:20:00.0;0,00
ITAPERUÇU;411125801A;PR;Centro;-25,219;-49,351;2024-12-11 00:20:00.0;0,00
ITAPERUÇU;411125801A;PR;Centro;-25,219;-49,351;2024-12-11 01:20:00.0;0,00
ITAPERUÇU;411125801A;PR;Centro;-25,219;-49,351;2024-12-11 02:20:00.0;0,00
ITAPERUÇU;411125801A;PR;Centro;-25,219;-49,351;2024-12-11 03:20:00.0;0,00
ITAPERUÇU;411125801A;PR;Centro;-25,219;-49,351;2024-12-11 04:20:00.0;0,00
ITAPERUÇU;411125801A;PR;Centro;-25,219;-49,351;2024-12-11 05:20:00.0;0,00
ITAPERUÇU;411125801A;PR;Centro;-25,219;-49,351;2024-12-11 06:20:00.0;0,00
ITAPERUÇU;411125801A;PR;Centro;-25,219;-49,351;2024-12-11 07:20:00.0;0,00
ITAPERUÇU;411125801A;PR;Centro;-25,219;-49,351;2024-12-11 08:20:00.0;0,00
ITAPERUÇU;411125801A;PR;Centro;-25,219;-49,351;2024-12-11 09:20:00.0;0,00
ITAPERUÇU;411125801A;PR;Centro;-25,219;-49,351;2024-12-11 10:20:00.0;0,00
ITAPERUÇU;411125801A;PR;Centro;-25,219;-49,351;2024-12-11 11:20:00.0;0,00
ITAPERUÇU;411125801A;PR;Centro;-25,219;-49,351;2024-12-11 12:20:00.0;0,00
ITAPERUÇU;411125801A;PR;Centro;-25,219;-49,351;2024-12-11 13:20:00.0;0,00
ITAPERUÇU;411125801A;PR;Centro;-25,219;-49,351;2024-12-11 14:20:00.0;0,00
ITAPERUÇU;411125801A;PR;Centro;-25,219;-49,351;2024-12-11 15:00:00.0;0,20
ITAPERUÇU;411125801A;PR;Centro;-25,219;-49,351;2024-12-11 15:20:00.0;0,00
ITAPERUÇU;411125801A;PR;Centro;-25,219;-49,351;2024-12-11 16:20:00.0;0,00
ITAPERUÇU;411125801A;PR;Centro;-25,219;-49,351;2024-12-11 17:20:00.0;0,00
ITAPERUÇU;411125801A;PR;Centro;-25,219;-49,351;2024-12-11 18:20:00.0;0,00
ITAPERUÇU;411125801A;PR;Centro;-25,219;-49,351;2024-12-11 19:20:00.0;0,00
ITAPERUÇU;411125801A;PR;Centro;-25,219;-49,351;2024-12-11 20:20:00.0;0,00
ITAPERUÇU;411125801A;PR;Centro;-25,219;-49,351;2024-12-11 21:20:00.0;0,00
ITAPERUÇU;411125801A;PR;Centro;-25,219;-49,351;2024-12-11 22:20:00.0;0,00
ITAPERUÇU;411125801A;PR;Centro;-25,219;-49,351;2024-12-11 23:20:00.0;0,00
ITAPERUÇU;411125801A;PR;Centro;-25,219;-49,351;2024-12-12 00:20:00.0;0,00
ITAPERUÇU;411125801A;PR;Centro;-25,219;-49,351;2024-12-12 01:20:00.0;0,00
ITAPERUÇU;411125801A;PR;Centro;-25,219;-49,351;2024-12-12 02:20:00.0;0,00
ITAPERUÇU;411125801A;PR;Centro;-25,219;-49,351;2024-12-12 03:20:00.0;0,00
ITAPERUÇU;411125801A;PR;Centro;-25,219;-49,351;2024-12-12 04:20:00.0;0,00
ITAPERUÇU;411125801A;PR;Centro;-25,219;-49,351;2024-12-12 05:20:00.0;0,00
ITAPERUÇU;411125801A;PR;Centro;-25,219;-49,351;2024-12-12 06:20:00.0;0,00
ITAPERUÇU;411125801A;PR;Centro;-25,219;-49,351;2024-12-12 07:20:00.0;0,00
ITAPERUÇU;411125801A;PR;Centro;-25,219;-49,351;2024-12-12 08:20:00.0;0,00
ITAPERUÇU;411125801A;PR;Centro;-25,219;-49,351;2024-12-12 09:20:00.0;0,00
ITAPERUÇU;411125801A;PR;Centro;-25,219;-49,351;2024-12-12 10:20:00.0;0,00
ITAPERUÇU;411125801A;PR;Centro;-25,219;-49,351;2024-12-12 11:20:00.0;0,00
ITAPERUÇU;411125801A;PR;Centro;-25,219;-49,351;2024-12-12 12:20:00.0;0,00
ITAPERUÇU;411125801A;PR;Centro;-25,219;-49,351;2024-12-12 13:20:00.0;0,00
ITAPERUÇU;411125801A;PR;Centro;-25,219;-49,351;2024-12-12 14:20:00.0;0,00
ITAPERUÇU;411125801A;PR;Centro;-25,219;-49,351;2024-12-12 15:20:00.0;0,00
ITAPERUÇU;411125801A;PR;Centro;-25,219;-49,351;2024-12-12 16:20:00.0;0,00
ITAPERUÇU;411125801A;PR;Centro;-25,219;-49,351;2024-12-12 17:20:00.0;0,00
ITAPERUÇU;411125801A;PR;Centro;-25,219;-49,351;2024-12-12 18:20:00.0;0,00
ITAPERUÇU;411125801A;PR;Centro;-25,219;-49,351;2024-12-12 19:20:00.0;0,00
ITAPERUÇU;411125801A;PR;Centro;-25,219;-49,351;2024-12-12 20:20:00.0;0,00
ITAPERUÇU;411125801A;PR;Centro;-25,219;-49,351;2024-12-12 21:20:00.0;0,00
ITAPERUÇU;411125801A;PR;Centro;-25,219;-49,351;2024-12-12 22:20:00.0;0,00
ITAPERUÇU;411125801A;PR;Centro;-25,219;-49,351;2024-12-12 23:20:00.0;0,00
ITAPERUÇU;411125801A;PR;Centro;-25,219;-49,351;2024-12-13 00:20:00.0;0,00
ITAPERUÇU;411125801A;PR;Centro;-25,219;-49,351;2024-12-13 01:20:00.0;0,00
ITAPERUÇU;411125801A;PR;Centro;-25,219;-49,351;2024-12-13 02:20:00.0;0,00
ITAPERUÇU;411125801A;PR;Centro;-25,219;-49,351;2024-12-13 03:20:00.0;0,00
ITAPERUÇU;411125801A;PR;Centro;-25,219;-49,351;2024-12-13 04:20:00.0;0,00
ITAPERUÇU;411125801A;PR;Centro;-25,219;-49,351;2024-12-13 05:20:00.0;0,00
ITAPERUÇU;411125801A;PR;Centro;-25,219;-49,351;2024-12-13 06:20:00.0;0,00
ITAPERUÇU;411125801A;PR;Centro;-25,219;-49,351;2024-12-13 07:20:00.0;0,00
ITAPERUÇU;411125801A;PR;Centro;-25,219;-49,351;2024-12-13 08:20:00.0;0,00
ITAPERUÇU;411125801A;PR;Centro;-25,219;-49,351;2024-12-13 09:20:00.0;0,00
ITAPERUÇU;411125801A;PR;Centro;-25,219;-49,351;2024-12-13 10:20:00.0;0,00
ITAPERUÇU;411125801A;PR;Centro;-25,219;-49,351;2024-12-13 11:20:00.0;0,00
ITAPERUÇU;411125801A;PR;Centro;-25,219;-49,351;2024-12-13 12:20:00.0;0,00
ITAPERUÇU;411125801A;PR;Centro;-25,219;-49,351;2024-12-13 13:20:00.0;0,00
ITAPERUÇU;411125801A;PR;Centro;-25,219;-49,351;2024-12-13 14:20:00.0;0,00
ITAPERUÇU;411125801A;PR;Centro;-25,219;-49,351;2024-12-13 15:20:00.0;0,00
ITAPERUÇU;411125801A;PR;Centro;-25,219;-49,351;2024-12-13 16:20:00.0;0,00
ITAPERUÇU;411125801A;PR;Centro;-25,219;-49,351;2024-12-13 17:20:00.0;0,00
ITAPERUÇU;411125801A;PR;Centro;-25,219;-49,351;2024-12-13 18:20:00.0;0,00
ITAPERUÇU;411125801A;PR;Centro;-25,219;-49,351;2024-12-13 19:20:00.0;0,00
ITAPERUÇU;411125801A;PR;Centro;-25,219;-49,351;2024-12-13 20:20:00.0;0,00
ITAPERUÇU;411125801A;PR;Centro;-25,219;-49,351;2024-12-13 21:20:00.0;0,00
ITAPERUÇU;411125801A;PR;Centro;-25,219;-49,351;2024-12-13 22:20:00.0;0,00
ITAPERUÇU;411125801A;PR;Centro;-25,219;-49,351;2024-12-13 23:20:00.0;0,00
ITAPERUÇU;411125801A;PR;Centro;-25,219;-49,351;2024-12-14 00:20:00.0;0,00
ITAPERUÇU;411125801A;PR;Centro;-25,219;-49,351;2024-12-14 01:20:00.0;0,00
ITAPERUÇU;411125801A;PR;Centro;-25,219;-49,351;2024-12-14 02:20:00.0;0,00
ITAPERUÇU;411125801A;PR;Centro;-25,219;-49,351;2024-12-14 03:20:00.0;0,00
ITAPERUÇU;411125801A;PR;Centro;-25,219;-49,351;2024-12-14 04:20:00.0;0,00
ITAPERUÇU;411125801A;PR;Centro;-25,219;-49,351;2024-12-14 05:10:00.0;0,20
ITAPERUÇU;411125801A;PR;Centro;-25,219;-49,351;2024-12-14 05:20:00.0;0,20
ITAPERUÇU;411125801A;PR;Centro;-25,219;-49,351;2024-12-14 06:00:00.0;0,20
ITAPERUÇU;411125801A;PR;Centro;-25,219;-49,351;2024-12-14 06:20:00.0;0,00
ITAPERUÇU;411125801A;PR;Centro;-25,219;-49,351;2024-12-14 06:40:00.0;0,20
ITAPERUÇU;411125801A;PR;Centro;-25,219;-49,351;2024-12-14 06:50:00.0;0,98
ITAPERUÇU;411125801A;PR;Centro;-25,219;-49,351;2024-12-14 07:00:00.0;0,39
ITAPERUÇU;411125801A;PR;Centro;-25,219;-49,351;2024-12-14 07:10:00.0;0,39
ITAPERUÇU;411125801A;PR;Centro;-25,219;-49,351;2024-12-14 07:20:00.0;0,59
ITAPERUÇU;411125801A;PR;Centro;-25,219;-49,351;2024-12-14 07:30:00.0;0,98
ITAPERUÇU;411125801A;PR;Centro;-25,219;-49,351;2024-12-14 07:40:00.0;1,37
ITAPERUÇU;411125801A;PR;Centro;-25,219;-49,351;2024-12-14 07:50:00.0;0,79
ITAPERUÇU;411125801A;PR;Centro;-25,219;-49,351;2024-12-14 08:00:00.0;0,39
ITAPERUÇU;411125801A;PR;Centro;-25,219;-49,351;2024-12-14 08:10:00.0;0,39
ITAPERUÇU;411125801A;PR;Centro;-25,219;-49,351;2024-12-14 08:20:00.0;0,20
ITAPERUÇU;411125801A;PR;Centro;-25,219;-49,351;2024-12-14 08:30:00.0;0,39
ITAPERUÇU;411125801A;PR;Centro;-25,219;-49,351;2024-12-14 08:50:00.0;0,20
ITAPERUÇU;411125801A;PR;Centro;-25,219;-49,351;2024-12-14 09:00:00.0;0,59
ITAPERUÇU;411125801A;PR;Centro;-25,219;-49,351;2024-12-14 09:10:00.0;0,20
ITAPERUÇU;411125801A;PR;Centro;-25,219;-49,351;2024-12-14 09:20:00.0;0,20
ITAPERUÇU;411125801A;PR;Centro;-25,219;-49,351;2024-12-14 09:30:00.0;0,79
ITAPERUÇU;411125801A;PR;Centro;-25,219;-49,351;2024-12-14 09:40:00.0;1,77
ITAPERUÇU;411125801A;PR;Centro;-25,219;-49,351;2024-12-14 09:50:00.0;1,57
ITAPERUÇU;411125801A;PR;Centro;-25,219;-49,351;2024-12-14 10:00:00.0;0,79
ITAPERUÇU;411125801A;PR;Centro;-25,219;-49,351;2024-12-14 10:10:00.0;0,20
ITAPERUÇU;411125801A;PR;Centro;-25,219;-49,351;2024-12-14 10:20:00.0;0,20
ITAPERUÇU;411125801A;PR;Centro;-25,219;-49,351;2024-12-14 10:30:00.0;0,20
ITAPERUÇU;411125801A;PR;Centro;-25,219;-49,351;2024-12-14 10:40:00.0;0,20
ITAPERUÇU;411125801A;PR;Centro;-25,219;-49,351;2024-12-14 10:50:00.0;0,39
ITAPERUÇU;411125801A;PR;Centro;-25,219;-49,351;2024-12-14 11:00:00.0;0,59
ITAPERUÇU;411125801A;PR;Centro;-25,219;-49,351;2024-12-14 11:10:00.0;0,20
ITAPERUÇU;411125801A;PR;Centro;-25,219;-49,351;2024-12-14 11:20:00.0;0,20
ITAPERUÇU;411125801A;PR;Centro;-25,219;-49,351;2024-12-14 11:30:00.0;0,20
ITAPERUÇU;411125801A;PR;Centro;-25,219;-49,351;2024-12-14 11:40:00.0;0,39
ITAPERUÇU;411125801A;PR;Centro;-25,219;-49,351;2024-12-14 11:50:00.0;0,20
ITAPERUÇU;411125801A;PR;Centro;-25,219;-49,351;2024-12-14 12:00:00.0;0,20
ITAPERUÇU;411125801A;PR;Centro;-25,219;-49,351;2024-12-14 12:10:00.0;0,59
ITAPERUÇU;411125801A;PR;Centro;-25,219;-49,351;2024-12-14 12:20:00.0;0,20
ITAPERUÇU;411125801A;PR;Centro;-25,219;-49,351;2024-12-14 12:30:00.0;0,39
ITAPERUÇU;411125801A;PR;Centro;-25,219;-49,351;2024-12-14 12:50:00.0;0,59
ITAPERUÇU;411125801A;PR;Centro;-25,219;-49,351;2024-12-14 13:20:00.0;0,00
ITAPERUÇU;411125801A;PR;Centro;-25,219;-49,351;2024-12-14 13:40:00.0;0,20
ITAPERUÇU;411125801A;PR;Centro;-25,219;-49,351;2024-12-14 14:20:00.0;0,39
ITAPERUÇU;411125801A;PR;Centro;-25,219;-49,351;2024-12-14 14:30:00.0;0,42
ITAPERUÇU;411125801A;PR;Centro;-25,219;-49,351;2024-12-14 14:40:00.0;0,98
ITAPERUÇU;411125801A;PR;Centro;-25,219;-49,351;2024-12-14 14:50:00.0;0,39
ITAPERUÇU;411125801A;PR;Centro;-25,219;-49,351;2024-12-14 15:00:00.0;0,79
ITAPERUÇU;411125801A;PR;Centro;-25,219;-49,351;2024-12-14 15:10:00.0;0,98
ITAPERUÇU;411125801A;PR;Centro;-25,219;-49,351;2024-12-14 15:20:00.0;0,00
ITAPERUÇU;411125801A;PR;Centro;-25,219;-49,351;2024-12-14 15:30:00.0;0,39
ITAPERUÇU;411125801A;PR;Centro;-25,219;-49,351;2024-12-14 15:40:00.0;0,39
ITAPERUÇU;411125801A;PR;Centro;-25,219;-49,351;2024-12-14 15:50:00.0;0,59
ITAPERUÇU;411125801A;PR;Centro;-25,219;-49,351;2024-12-14 16:00:00.0;0,20
ITAPERUÇU;411125801A;PR;Centro;-25,219;-49,351;2024-12-14 16:10:00.0;0,20
ITAPERUÇU;411125801A;PR;Centro;-25,219;-49,351;2024-12-14 16:20:00.0;0,20
ITAPERUÇU;411125801A;PR;Centro;-25,219;-49,351;2024-12-14 17:20:00.0;0,20
ITAPERUÇU;411125801A;PR;Centro;-25,219;-49,351;2024-12-14 18:20:00.0;0,00
ITAPERUÇU;411125801A;PR;Centro;-25,219;-49,351;2024-12-14 19:20:00.0;0,00
ITAPERUÇU;411125801A;PR;Centro;-25,219;-49,351;2024-12-14 20:20:00.0;0,00
ITAPERUÇU;411125801A;PR;Centro;-25,219;-49,351;2024-12-14 21:20:00.0;0,00
ITAPERUÇU;411125801A;PR;Centro;-25,219;-49,351;2024-12-14 22:20:00.0;0,00
ITAPERUÇU;411125801A;PR;Centro;-25,219;-49,351;2024-12-14 23:20:00.0;0,59
ITAPERUÇU;411125801A;PR;Centro;-25,219;-49,351;2024-12-14 23:50:00.0;0,39
ITAPERUÇU;411125801A;PR;Centro;-25,219;-49,351;2024-12-15 00:10:00.0;0,20
ITAPERUÇU;411125801A;PR;Centro;-25,219;-49,351;2024-12-15 00:20:00.0;0,20
ITAPERUÇU;411125801A;PR;Centro;-25,219;-49,351;2024-12-15 01:20:00.0;0,00
ITAPERUÇU;411125801A;PR;Centro;-25,219;-49,351;2024-12-15 02:20:00.0;0,00
ITAPERUÇU;411125801A;PR;Centro;-25,219;-49,351;2024-12-15 03:20:00.0;0,00
ITAPERUÇU;411125801A;PR;Centro;-25,219;-49,351;2024-12-15 04:20:00.0;0,00
ITAPERUÇU;411125801A;PR;Centro;-25,219;-49,351;2024-12-15 05:20:00.0;0,00
ITAPERUÇU;411125801A;PR;Centro;-25,219;-49,351;2024-12-15 06:20:00.0;0,00
ITAPERUÇU;411125801A;PR;Centro;-25,219;-49,351;2024-12-15 07:20:00.0;0,00
ITAPERUÇU;411125801A;PR;Centro;-25,219;-49,351;2024-12-15 08:20:00.0;0,00
ITAPERUÇU;411125801A;PR;Centro;-25,219;-49,351;2024-12-15 09:20:00.0;0,00
ITAPERUÇU;411125801A;PR;Centro;-25,219;-49,351;2024-12-15 10:20:00.0;0,00
ITAPERUÇU;411125801A;PR;Centro;-25,219;-49,351;2024-12-15 11:20:00.0;0,00
ITAPERUÇU;411125801A;PR;Centro;-25,219;-49,351;2024-12-15 12:20:00.0;0,00
ITAPERUÇU;411125801A;PR;Centro;-25,219;-49,351;2024-12-15 13:20:00.0;0,00
ITAPERUÇU;411125801A;PR;Centro;-25,219;-49,351;2024-12-15 14:20:00.0;0,00
ITAPERUÇU;411125801A;PR;Centro;-25,219;-49,351;2024-12-15 15:20:00.0;0,00
ITAPERUÇU;411125801A;PR;Centro;-25,219;-49,351;2024-12-15 16:20:00.0;0,00
ITAPERUÇU;411125801A;PR;Centro;-25,219;-49,351;2024-12-15 17:20:00.0;0,00
ITAPERUÇU;411125801A;PR;Centro;-25,219;-49,351;2024-12-15 18:20:00.0;0,00
ITAPERUÇU;411125801A;PR;Centro;-25,219;-49,351;2024-12-15 19:20:00.0;0,00
ITAPERUÇU;411125801A;PR;Centro;-25,219;-49,351;2024-12-15 20:20:00.0;0,00
ITAPERUÇU;411125801A;PR;Centro;-25,219;-49,351;2024-12-15 21:20:00.0;0,00
ITAPERUÇU;411125801A;PR;Centro;-25,219;-49,351;2024-12-15 22:20:00.0;0,00
ITAPERUÇU;411125801A;PR;Centro;-25,219;-49,351;2024-12-15 23:20:00.0;0,00
ITAPERUÇU;411125801A;PR;Centro;-25,219;-49,351;2024-12-16 00:20:00.0;0,00
ITAPERUÇU;411125801A;PR;Centro;-25,219;-49,351;2024-12-16 01:20:00.0;0,00
ITAPERUÇU;411125801A;PR;Centro;-25,219;-49,351;2024-12-16 02:20:00.0;0,00
ITAPERUÇU;411125801A;PR;Centro;-25,219;-49,351;2024-12-16 03:20:00.0;0,00
ITAPERUÇU;411125801A;PR;Centro;-25,219;-49,351;2024-12-16 04:20:00.0;0,00
ITAPERUÇU;411125801A;PR;Centro;-25,219;-49,351;2024-12-16 05:20:00.0;0,00
ITAPERUÇU;411125801A;PR;Centro;-25,219;-49,351;2024-12-16 06:20:00.0;0,00
ITAPERUÇU;411125801A;PR;Centro;-25,219;-49,351;2024-12-16 07:20:00.0;0,00
ITAPERUÇU;411125801A;PR;Centro;-25,219;-49,351;2024-12-16 08:20:00.0;0,00
ITAPERUÇU;411125801A;PR;Centro;-25,219;-49,351;2024-12-16 09:20:00.0;0,00
ITAPERUÇU;411125801A;PR;Centro;-25,219;-49,351;2024-12-16 10:20:00.0;0,00
ITAPERUÇU;411125801A;PR;Centro;-25,219;-49,351;2024-12-16 11:20:00.0;0,00
ITAPERUÇU;411125801A;PR;Centro;-25,219;-49,351;2024-12-16 12:20:00.0;0,00
ITAPERUÇU;411125801A;PR;Centro;-25,219;-49,351;2024-12-16 13:20:00.0;0,00
ITAPERUÇU;411125801A;PR;Centro;-25,219;-49,351;2024-12-16 14:20:00.0;0,00
ITAPERUÇU;411125801A;PR;Centro;-25,219;-49,351;2024-12-16 15:20:00.0;0,00
ITAPERUÇU;411125801A;PR;Centro;-25,219;-49,351;2024-12-16 16:20:00.0;0,00
ITAPERUÇU;411125801A;PR;Centro;-25,219;-49,351;2024-12-16 17:20:00.0;0,00
ITAPERUÇU;411125801A;PR;Centro;-25,219;-49,351;2024-12-16 18:20:00.0;0,00
ITAPERUÇU;411125801A;PR;Centro;-25,219;-49,351;2024-12-16 19:20:00.0;0,00
ITAPERUÇU;411125801A;PR;Centro;-25,219;-49,351;2024-12-16 20:20:00.0;0,00
ITAPERUÇU;411125801A;PR;Centro;-25,219;-49,351;2024-12-16 21:20:00.0;0,00
ITAPERUÇU;411125801A;PR;Centro;-25,219;-49,351;2024-12-16 22:20:00.0;0,00
ITAPERUÇU;411125801A;PR;Centro;-25,219;-49,351;2024-12-16 23:20:00.0;0,00
ITAPERUÇU;411125801A;PR;Centro;-25,219;-49,351;2024-12-17 00:20:00.0;0,00
ITAPERUÇU;411125801A;PR;Centro;-25,219;-49,351;2024-12-17 01:20:00.0;0,00
ITAPERUÇU;411125801A;PR;Centro;-25,219;-49,351;2024-12-17 02:20:00.0;0,00
ITAPERUÇU;411125801A;PR;Centro;-25,219;-49,351;2024-12-17 03:20:00.0;0,00
ITAPERUÇU;411125801A;PR;Centro;-25,219;-49,351;2024-12-17 04:20:00.0;0,00
ITAPERUÇU;411125801A;PR;Centro;-25,219;-49,351;2024-12-17 05:20:00.0;0,00
ITAPERUÇU;411125801A;PR;Centro;-25,219;-49,351;2024-12-17 06:20:00.0;0,00
ITAPERUÇU;411125801A;PR;Centro;-25,219;-49,351;2024-12-17 07:20:00.0;0,00
ITAPERUÇU;411125801A;PR;Centro;-25,219;-49,351;2024-12-17 08:20:00.0;0,00
ITAPERUÇU;411125801A;PR;Centro;-25,219;-49,351;2024-12-17 09:20:00.0;0,00
ITAPERUÇU;411125801A;PR;Centro;-25,219;-49,351;2024-12-17 10:20:00.0;0,00
ITAPERUÇU;411125801A;PR;Centro;-25,219;-49,351;2024-12-17 11:20:00.0;0,00
ITAPERUÇU;411125801A;PR;Centro;-25,219;-49,351;2024-12-17 12:20:00.0;0,00
ITAPERUÇU;411125801A;PR;Centro;-25,219;-49,351;2024-12-17 13:20:00.0;0,00
ITAPERUÇU;411125801A;PR;Centro;-25,219;-49,351;2024-12-17 14:20:00.0;0,00
ITAPERUÇU;411125801A;PR;Centro;-25,219;-49,351;2024-12-17 15:20:00.0;0,00
ITAPERUÇU;411125801A;PR;Centro;-25,219;-49,351;2024-12-17 16:20:00.0;0,00
ITAPERUÇU;411125801A;PR;Centro;-25,219;-49,351;2024-12-17 17:20:00.0;0,00
ITAPERUÇU;411125801A;PR;Centro;-25,219;-49,351;2024-12-17 18:20:00.0;0,00
ITAPERUÇU;411125801A;PR;Centro;-25,219;-49,351;2024-12-17 19:20:00.0;0,00
ITAPERUÇU;411125801A;PR;Centro;-25,219;-49,351;2024-12-17 20:20:00.0;0,00
ITAPERUÇU;411125801A;PR;Centro;-25,219;-49,351;2024-12-17 21:20:00.0;0,00
ITAPERUÇU;411125801A;PR;Centro;-25,219;-49,351;2024-12-17 22:20:00.0;0,00
ITAPERUÇU;411125801A;PR;Centro;-25,219;-49,351;2024-12-17 23:20:00.0;0,00
ITAPERUÇU;411125801A;PR;Centro;-25,219;-49,351;2024-12-18 00:20:00.0;0,00
ITAPERUÇU;411125801A;PR;Centro;-25,219;-49,351;2024-12-18 01:20:00.0;0,00
ITAPERUÇU;411125801A;PR;Centro;-25,219;-49,351;2024-12-18 02:20:00.0;0,00
ITAPERUÇU;411125801A;PR;Centro;-25,219;-49,351;2024-12-18 03:20:00.0;0,00
ITAPERUÇU;411125801A;PR;Centro;-25,219;-49,351;2024-12-18 04:20:00.0;0,00
ITAPERUÇU;411125801A;PR;Centro;-25,219;-49,351;2024-12-18 05:20:00.0;0,00
ITAPERUÇU;411125801A;PR;Centro;-25,219;-49,351;2024-12-18 06:20:00.0;0,00
ITAPERUÇU;411125801A;PR;Centro;-25,219;-49,351;2024-12-18 07:20:00.0;0,00
ITAPERUÇU;411125801A;PR;Centro;-25,219;-49,351;2024-12-18 08:20:00.0;0,00
ITAPERUÇU;411125801A;PR;Centro;-25,219;-49,351;2024-12-18 09:20:00.0;0,00
ITAPERUÇU;411125801A;PR;Centro;-25,219;-49,351;2024-12-18 10:20:00.0;0,00
ITAPERUÇU;411125801A;PR;Centro;-25,219;-49,351;2024-12-18 11:20:00.0;0,00
ITAPERUÇU;411125801A;PR;Centro;-25,219;-49,351;2024-12-18 12:20:00.0;0,00
ITAPERUÇU;411125801A;PR;Centro;-25,219;-49,351;2024-12-18 13:20:00.0;0,00
ITAPERUÇU;411125801A;PR;Centro;-25,219;-49,351;2024-12-18 14:20:00.0;0,00
ITAPERUÇU;411125801A;PR;Centro;-25,219;-49,351;2024-12-18 15:20:00.0;0,00
ITAPERUÇU;411125801A;PR;Centro;-25,219;-49,351;2024-12-18 16:20:00.0;0,00
ITAPERUÇU;411125801A;PR;Centro;-25,219;-49,351;2024-12-18 17:20:00.0;0,00
ITAPERUÇU;411125801A;PR;Centro;-25,219;-49,351;2024-12-18 18:20:00.0;0,00
ITAPERUÇU;411125801A;PR;Centro;-25,219;-49,351;2024-12-18 19:20:00.0;0,00
ITAPERUÇU;411125801A;PR;Centro;-25,219;-49,351;2024-12-18 20:20:00.0;0,00
ITAPERUÇU;411125801A;PR;Centro;-25,219;-49,351;2024-12-18 21:20:00.0;0,00
ITAPERUÇU;411125801A;PR;Centro;-25,219;-49,351;2024-12-18 22:20:00.0;0,00
ITAPERUÇU;411125801A;PR;Centro;-25,219;-49,351;2024-12-18 23:20:00.0;0,00
ITAPERUÇU;411125801A;PR;Centro;-25,219;-49,351;2024-12-19 00:20:00.0;0,00
ITAPERUÇU;411125801A;PR;Centro;-25,219;-49,351;2024-12-19 01:20:00.0;0,00
ITAPERUÇU;411125801A;PR;Centro;-25,219;-49,351;2024-12-19 02:20:00.0;0,00
ITAPERUÇU;411125801A;PR;Centro;-25,219;-49,351;2024-12-19 03:20:00.0;0,00
ITAPERUÇU;411125801A;PR;Centro;-25,219;-49,351;2024-12-19 04:20:00.0;0,00
ITAPERUÇU;411125801A;PR;Centro;-25,219;-49,351;2024-12-19 05:20:00.0;0,00
ITAPERUÇU;411125801A;PR;Centro;-25,219;-49,351;2024-12-19 06:20:00.0;0,00
ITAPERUÇU;411125801A;PR;Centro;-25,219;-49,351;2024-12-19 07:20:00.0;0,00
ITAPERUÇU;411125801A;PR;Centro;-25,219;-49,351;2024-12-19 08:20:00.0;0,00
ITAPERUÇU;411125801A;PR;Centro;-25,219;-49,351;2024-12-19 09:20:00.0;0,00
ITAPERUÇU;411125801A;PR;Centro;-25,219;-49,351;2024-12-19 10:20:00.0;0,00
ITAPERUÇU;411125801A;PR;Centro;-25,219;-49,351;2024-12-19 11:20:00.0;0,00
ITAPERUÇU;411125801A;PR;Centro;-25,219;-49,351;2024-12-19 12:20:00.0;0,00
ITAPERUÇU;411125801A;PR;Centro;-25,219;-49,351;2024-12-19 13:20:00.0;0,00
ITAPERUÇU;411125801A;PR;Centro;-25,219;-49,351;2024-12-19 14:20:00.0;0,00
ITAPERUÇU;411125801A;PR;Centro;-25,219;-49,351;2024-12-19 15:20:00.0;0,00
ITAPERUÇU;411125801A;PR;Centro;-25,219;-49,351;2024-12-19 16:20:00.0;0,00
ITAPERUÇU;411125801A;PR;Centro;-25,219;-49,351;2024-12-19 17:20:00.0;0,00
ITAPERUÇU;411125801A;PR;Centro;-25,219;-49,351;2024-12-19 18:20:00.0;0,00
ITAPERUÇU;411125801A;PR;Centro;-25,219;-49,351;2024-12-19 19:20:00.0;0,00
ITAPERUÇU;411125801A;PR;Centro;-25,219;-49,351;2024-12-19 20:20:00.0;0,00
ITAPERUÇU;411125801A;PR;Centro;-25,219;-49,351;2024-12-19 21:20:00.0;0,00
ITAPERUÇU;411125801A;PR;Centro;-25,219;-49,351;2024-12-19 22:20:00.0;0,00
ITAPERUÇU;411125801A;PR;Centro;-25,219;-49,351;2024-12-19 23:20:00.0;0,00
ITAPERUÇU;411125801A;PR;Centro;-25,219;-49,351;2024-12-20 00:10:00.0;0,20
ITAPERUÇU;411125801A;PR;Centro;-25,219;-49,351;2024-12-20 00:20:00.0;1,97
ITAPERUÇU;411125801A;PR;Centro;-25,219;-49,351;2024-12-20 00:30:00.0;0,79
ITAPERUÇU;411125801A;PR;Centro;-25,219;-49,351;2024-12-20 00:40:00.0;0,39
ITAPERUÇU;411125801A;PR;Centro;-25,219;-49,351;2024-12-20 00:50:00.0;0,59
ITAPERUÇU;411125801A;PR;Centro;-25,219;-49,351;2024-12-20 01:00:00.0;0,39
ITAPERUÇU;411125801A;PR;Centro;-25,219;-49,351;2024-12-20 01:10:00.0;0,39
ITAPERUÇU;411125801A;PR;Centro;-25,219;-49,351;2024-12-20 01:20:00.0;0,00
ITAPERUÇU;411125801A;PR;Centro;-25,219;-49,351;2024-12-20 02:20:00.0;0,00
ITAPERUÇU;411125801A;PR;Centro;-25,219;-49,351;2024-12-20 02:50:00.0;0,20
ITAPERUÇU;411125801A;PR;Centro;-25,219;-49,351;2024-12-20 03:00:00.0;0,20
ITAPERUÇU;411125801A;PR;Centro;-25,219;-49,351;2024-12-20 03:20:00.0;0,00
ITAPERUÇU;411125801A;PR;Centro;-25,219;-49,351;2024-12-20 04:20:00.0;0,00
ITAPERUÇU;411125801A;PR;Centro;-25,219;-49,351;2024-12-20 05:20:00.0;0,00
ITAPERUÇU;411125801A;PR;Centro;-25,219;-49,351;2024-12-20 06:20:00.0;0,00
ITAPERUÇU;411125801A;PR;Centro;-25,219;-49,351;2024-12-20 07:20:00.0;0,00
ITAPERUÇU;411125801A;PR;Centro;-25,219;-49,351;2024-12-20 08:20:00.0;0,00
ITAPERUÇU;411125801A;PR;Centro;-25,219;-49,351;2024-12-20 09:20:00.0;0,00
ITAPERUÇU;411125801A;PR;Centro;-25,219;-49,351;2024-12-20 10:20:00.0;0,00
ITAPERUÇU;411125801A;PR;Centro;-25,219;-49,351;2024-12-20 11:20:00.0;0,00
ITAPERUÇU;411125801A;PR;Centro;-25,219;-49,351;2024-12-20 12:20:00.0;0,00
ITAPERUÇU;411125801A;PR;Centro;-25,219;-49,351;2024-12-20 13:20:00.0;0,00
ITAPERUÇU;411125801A;PR;Centro;-25,219;-49,351;2024-12-20 13:40:00.0;0,79
ITAPERUÇU;411125801A;PR;Centro;-25,219;-49,351;2024-12-20 13:50:00.0;0,59
ITAPERUÇU;411125801A;PR;Centro;-25,219;-49,351;2024-12-20 14:00:00.0;0,59
ITAPERUÇU;411125801A;PR;Centro;-25,219;-49,351;2024-12-20 14:20:00.0;0,20
ITAPERUÇU;411125801A;PR;Centro;-25,219;-49,351;2024-12-20 14:30:00.0;0,20
ITAPERUÇU;411125801A;PR;Centro;-25,219;-49,351;2024-12-20 15:20:00.0;0,00
ITAPERUÇU;411125801A;PR;Centro;-25,219;-49,351;2024-12-20 16:20:00.0;0,00
ITAPERUÇU;411125801A;PR;Centro;-25,219;-49,351;2024-12-20 17:10:00.0;0,20
ITAPERUÇU;411125801A;PR;Centro;-25,219;-49,351;2024-12-20 17:20:00.0;0,20
ITAPERUÇU;411125801A;PR;Centro;-25,219;-49,351;2024-12-20 18:20:00.0;0,00
ITAPERUÇU;411125801A;PR;Centro;-25,219;-49,351;2024-12-20 19:20:00.0;0,00
ITAPERUÇU;411125801A;PR;Centro;-25,219;-49,351;2024-12-20 20:20:00.0;0,00
ITAPERUÇU;411125801A;PR;Centro;-25,219;-49,351;2024-12-20 21:20:00.0;0,00
ITAPERUÇU;411125801A;PR;Centro;-25,219;-49,351;2024-12-20 22:20:00.0;0,00
ITAPERUÇU;411125801A;PR;Centro;-25,219;-49,351;2024-12-20 23:20:00.0;0,00
ITAPERUÇU;411125801A;PR;Centro;-25,219;-49,351;2024-12-21 00:20:00.0;0,00
ITAPERUÇU;411125801A;PR;Centro;-25,219;-49,351;2024-12-21 01:20:00.0;0,00
ITAPERUÇU;411125801A;PR;Centro;-25,219;-49,351;2024-12-21 02:20:00.0;0,00
ITAPERUÇU;411125801A;PR;Centro;-25,219;-49,351;2024-12-21 03:20:00.0;0,00
ITAPERUÇU;411125801A;PR;Centro;-25,219;-49,351;2024-12-21 04:20:00.0;0,00
ITAPERUÇU;411125801A;PR;Centro;-25,219;-49,351;2024-12-21 05:20:00.0;0,00
ITAPERUÇU;411125801A;PR;Centro;-25,219;-49,351;2024-12-21 06:20:00.0;0,00
ITAPERUÇU;411125801A;PR;Centro;-25,219;-49,351;2024-12-21 07:20:00.0;0,00
ITAPERUÇU;411125801A;PR;Centro;-25,219;-49,351;2024-12-21 08:20:00.0;0,00
ITAPERUÇU;411125801A;PR;Centro;-25,219;-49,351;2024-12-21 09:20:00.0;0,00
ITAPERUÇU;411125801A;PR;Centro;-25,219;-49,351;2024-12-21 10:20:00.0;0,00
ITAPERUÇU;411125801A;PR;Centro;-25,219;-49,351;2024-12-21 11:20:00.0;0,00
ITAPERUÇU;411125801A;PR;Centro;-25,219;-49,351;2024-12-21 12:20:00.0;0,00
ITAPERUÇU;411125801A;PR;Centro;-25,219;-49,351;2024-12-21 13:20:00.0;0,00
ITAPERUÇU;411125801A;PR;Centro;-25,219;-49,351;2024-12-21 14:20:00.0;0,00
ITAPERUÇU;411125801A;PR;Centro;-25,219;-49,351;2024-12-21 15:20:00.0;0,00
ITAPERUÇU;411125801A;PR;Centro;-25,219;-49,351;2024-12-21 16:20:00.0;0,00
ITAPERUÇU;411125801A;PR;Centro;-25,219;-49,351;2024-12-21 17:20:00.0;0,00
ITAPERUÇU;411125801A;PR;Centro;-25,219;-49,351;2024-12-21 18:20:00.0;0,00
ITAPERUÇU;411125801A;PR;Centro;-25,219;-49,351;2024-12-21 19:20:00.0;0,00
ITAPERUÇU;411125801A;PR;Centro;-25,219;-49,351;2024-12-21 20:20:00.0;0,00
ITAPERUÇU;411125801A;PR;Centro;-25,219;-49,351;2024-12-21 21:20:00.0;0,00
ITAPERUÇU;411125801A;PR;Centro;-25,219;-49,351;2024-12-21 22:20:00.0;0,00
ITAPERUÇU;411125801A;PR;Centro;-25,219;-49,351;2024-12-21 23:20:00.0;0,00
ITAPERUÇU;411125801A;PR;Centro;-25,219;-49,351;2024-12-22 00:20:00.0;0,00
ITAPERUÇU;411125801A;PR;Centro;-25,219;-49,351;2024-12-22 01:20:00.0;0,00
ITAPERUÇU;411125801A;PR;Centro;-25,219;-49,351;2024-12-22 02:20:00.0;0,00
ITAPERUÇU;411125801A;PR;Centro;-25,219;-49,351;2024-12-22 03:20:00.0;0,00
ITAPERUÇU;411125801A;PR;Centro;-25,219;-49,351;2024-12-22 04:20:00.0;0,00
ITAPERUÇU;411125801A;PR;Centro;-25,219;-49,351;2024-12-22 05:20:00.0;0,00
ITAPERUÇU;411125801A;PR;Centro;-25,219;-49,351;2024-12-22 06:20:00.0;0,00
ITAPERUÇU;411125801A;PR;Centro;-25,219;-49,351;2024-12-22 07:20:00.0;0,00
ITAPERUÇU;411125801A;PR;Centro;-25,219;-49,351;2024-12-22 08:20:00.0;0,00
ITAPERUÇU;411125801A;PR;Centro;-25,219;-49,351;2024-12-22 09:20:00.0;0,00
ITAPERUÇU;411125801A;PR;Centro;-25,219;-49,351;2024-12-22 10:20:00.0;0,00
ITAPERUÇU;411125801A;PR;Centro;-25,219;-49,351;2024-12-22 11:20:00.0;0,00
ITAPERUÇU;411125801A;PR;Centro;-25,219;-49,351;2024-12-22 12:20:00.0;0,00
ITAPERUÇU;411125801A;PR;Centro;-25,219;-49,351;2024-12-22 13:20:00.0;0,00
ITAPERUÇU;411125801A;PR;Centro;-25,219;-49,351;2024-12-22 14:20:00.0;0,00
ITAPERUÇU;411125801A;PR;Centro;-25,219;-49,351;2024-12-22 15:20:00.0;0,00
ITAPERUÇU;411125801A;PR;Centro;-25,219;-49,351;2024-12-22 16:20:00.0;0,00
ITAPERUÇU;411125801A;PR;Centro;-25,219;-49,351;2024-12-22 17:20:00.0;0,00
ITAPERUÇU;411125801A;PR;Centro;-25,219;-49,351;2024-12-22 18:20:00.0;0,00
ITAPERUÇU;411125801A;PR;Centro;-25,219;-49,351;2024-12-22 19:20:00.0;0,00
ITAPERUÇU;411125801A;PR;Centro;-25,219;-49,351;2024-12-22 20:20:00.0;0,00
ITAPERUÇU;411125801A;PR;Centro;-25,219;-49,351;2024-12-22 21:20:00.0;0,00
ITAPERUÇU;411125801A;PR;Centro;-25,219;-49,351;2024-12-22 21:50:00.0;0,20
ITAPERUÇU;411125801A;PR;Centro;-25,219;-49,351;2024-12-22 22:00:00.0;0,20
ITAPERUÇU;411125801A;PR;Centro;-25,219;-49,351;2024-12-22 22:10:00.0;0,20
ITAPERUÇU;411125801A;PR;Centro;-25,219;-49,351;2024-12-22 22:20:00.0;0,39
ITAPERUÇU;411125801A;PR;Centro;-25,219;-49,351;2024-12-22 22:30:00.0;0,59
ITAPERUÇU;411125801A;PR;Centro;-25,219;-49,351;2024-12-22 22:40:00.0;0,20
ITAPERUÇU;411125801A;PR;Centro;-25,219;-49,351;2024-12-22 22:50:00.0;0,20
ITAPERUÇU;411125801A;PR;Centro;-25,219;-49,351;2024-12-22 23:00:00.0;0,59
ITAPERUÇU;411125801A;PR;Centro;-25,219;-49,351;2024-12-22 23:10:00.0;0,20
ITAPERUÇU;411125801A;PR;Centro;-25,219;-49,351;2024-12-22 23:20:00.0;0,00
ITAPERUÇU;411125801A;PR;Centro;-25,219;-49,351;2024-12-23 00:20:00.0;0,00
ITAPERUÇU;411125801A;PR;Centro;-25,219;-49,351;2024-12-23 01:20:00.0;0,00
ITAPERUÇU;411125801A;PR;Centro;-25,219;-49,351;2024-12-23 02:20:00.0;0,00
ITAPERUÇU;411125801A;PR;Centro;-25,219;-49,351;2024-12-23 03:20:00.0;0,00
ITAPERUÇU;411125801A;PR;Centro;-25,219;-49,351;2024-12-23 04:20:00.0;0,00
ITAPERUÇU;411125801A;PR;Centro;-25,219;-49,351;2024-12-23 05:20:00.0;0,00
ITAPERUÇU;411125801A;PR;Centro;-25,219;-49,351;2024-12-23 06:20:00.0;0,00
ITAPERUÇU;411125801A;PR;Centro;-25,219;-49,351;2024-12-23 07:20:00.0;0,00
ITAPERUÇU;411125801A;PR;Centro;-25,219;-49,351;2024-12-23 08:20:00.0;0,00
ITAPERUÇU;411125801A;PR;Centro;-25,219;-49,351;2024-12-23 09:20:00.0;0,00
ITAPERUÇU;411125801A;PR;Centro;-25,219;-49,351;2024-12-23 10:20:00.0;0,00
ITAPERUÇU;411125801A;PR;Centro;-25,219;-49,351;2024-12-23 11:20:00.0;0,00
ITAPERUÇU;411125801A;PR;Centro;-25,219;-49,351;2024-12-23 12:20:00.0;0,00
ITAPERUÇU;411125801A;PR;Centro;-25,219;-49,351;2024-12-23 13:20:00.0;0,00
ITAPERUÇU;411125801A;PR;Centro;-25,219;-49,351;2024-12-23 14:20:00.0;0,00
ITAPERUÇU;411125801A;PR;Centro;-25,219;-49,351;2024-12-23 15:20:00.0;0,00
ITAPERUÇU;411125801A;PR;Centro;-25,219;-49,351;2024-12-23 16:20:00.0;0,00
ITAPERUÇU;411125801A;PR;Centro;-25,219;-49,351;2024-12-23 17:20:00.0;0,00
ITAPERUÇU;411125801A;PR;Centro;-25,219;-49,351;2024-12-23 18:20:00.0;0,00
ITAPERUÇU;411125801A;PR;Centro;-25,219;-49,351;2024-12-23 19:20:00.0;0,00
ITAPERUÇU;411125801A;PR;Centro;-25,219;-49,351;2024-12-23 20:20:00.0;0,00
ITAPERUÇU;411125801A;PR;Centro;-25,219;-49,351;2024-12-23 21:20:00.0;0,00
ITAPERUÇU;411125801A;PR;Centro;-25,219;-49,351;2024-12-23 22:20:00.0;0,00
ITAPERUÇU;411125801A;PR;Centro;-25,219;-49,351;2024-12-23 23:20:00.0;0,00
ITAPERUÇU;411125801A;PR;Centro;-25,219;-49,351;2024-12-24 00:20:00.0;0,00
ITAPERUÇU;411125801A;PR;Centro;-25,219;-49,351;2024-12-24 01:20:00.0;0,00
ITAPERUÇU;411125801A;PR;Centro;-25,219;-49,351;2024-12-24 02:20:00.0;0,00
ITAPERUÇU;411125801A;PR;Centro;-25,219;-49,351;2024-12-24 03:20:00.0;0,00
ITAPERUÇU;411125801A;PR;Centro;-25,219;-49,351;2024-12-24 04:20:00.0;0,00
ITAPERUÇU;411125801A;PR;Centro;-25,219;-49,351;2024-12-24 05:20:00.0;0,00
ITAPERUÇU;411125801A;PR;Centro;-25,219;-49,351;2024-12-24 06:20:00.0;0,00
ITAPERUÇU;411125801A;PR;Centro;-25,219;-49,351;2024-12-24 07:20:00.0;0,00
ITAPERUÇU;411125801A;PR;Centro;-25,219;-49,351;2024-12-24 08:20:00.0;0,00
ITAPERUÇU;411125801A;PR;Centro;-25,219;-49,351;2024-12-24 09:20:00.0;0,00
ITAPERUÇU;411125801A;PR;Centro;-25,219;-49,351;2024-12-24 10:20:00.0;0,00
ITAPERUÇU;411125801A;PR;Centro;-25,219;-49,351;2024-12-24 11:20:00.0;0,00
ITAPERUÇU;411125801A;PR;Centro;-25,219;-49,351;2024-12-24 12:20:00.0;0,00
ITAPERUÇU;411125801A;PR;Centro;-25,219;-49,351;2024-12-24 13:20:00.0;0,00
ITAPERUÇU;411125801A;PR;Centro;-25,219;-49,351;2024-12-24 14:20:00.0;0,00
ITAPERUÇU;411125801A;PR;Centro;-25,219;-49,351;2024-12-24 15:20:00.0;0,00
ITAPERUÇU;411125801A;PR;Centro;-25,219;-49,351;2024-12-24 16:20:00.0;0,00
ITAPERUÇU;411125801A;PR;Centro;-25,219;-49,351;2024-12-24 17:20:00.0;0,00
ITAPERUÇU;411125801A;PR;Centro;-25,219;-49,351;2024-12-24 18:20:00.0;0,00
ITAPERUÇU;411125801A;PR;Centro;-25,219;-49,351;2024-12-24 19:20:00.0;0,00
ITAPERUÇU;411125801A;PR;Centro;-25,219;-49,351;2024-12-24 20:20:00.0;0,00
ITAPERUÇU;411125801A;PR;Centro;-25,219;-49,351;2024-12-24 21:20:00.0;0,00
ITAPERUÇU;411125801A;PR;Centro;-25,219;-49,351;2024-12-24 22:20:00.0;0,00
ITAPERUÇU;411125801A;PR;Centro;-25,219;-49,351;2024-12-24 23:20:00.0;0,00
ITAPERUÇU;411125801A;PR;Centro;-25,219;-49,351;2024-12-25 00:20:00.0;0,00
ITAPERUÇU;411125801A;PR;Centro;-25,219;-49,351;2024-12-25 01:20:00.0;0,00
ITAPERUÇU;411125801A;PR;Centro;-25,219;-49,351;2024-12-25 02:20:00.0;0,00
ITAPERUÇU;411125801A;PR;Centro;-25,219;-49,351;2024-12-25 03:20:00.0;0,00
ITAPERUÇU;411125801A;PR;Centro;-25,219;-49,351;2024-12-25 04:20:00.0;0,00
ITAPERUÇU;411125801A;PR;Centro;-25,219;-49,351;2024-12-25 05:20:00.0;0,00
ITAPERUÇU;411125801A;PR;Centro;-25,219;-49,351;2024-12-25 06:20:00.0;0,00
ITAPERUÇU;411125801A;PR;Centro;-25,219;-49,351;2024-12-25 07:20:00.0;0,00
ITAPERUÇU;411125801A;PR;Centro;-25,219;-49,351;2024-12-25 08:20:00.0;0,00
ITAPERUÇU;411125801A;PR;Centro;-25,219;-49,351;2024-12-25 09:20:00.0;0,00
ITAPERUÇU;411125801A;PR;Centro;-25,219;-49,351;2024-12-25 10:20:00.0;0,00
ITAPERUÇU;411125801A;PR;Centro;-25,219;-49,351;2024-12-25 11:20:00.0;0,00
ITAPERUÇU;411125801A;PR;Centro;-25,219;-49,351;2024-12-25 12:20:00.0;0,00
ITAPERUÇU;411125801A;PR;Centro;-25,219;-49,351;2024-12-25 13:20:00.0;0,00
ITAPERUÇU;411125801A;PR;Centro;-25,219;-49,351;2024-12-25 14:20:00.0;0,00
ITAPERUÇU;411125801A;PR;Centro;-25,219;-49,351;2024-12-25 15:20:00.0;0,00
ITAPERUÇU;411125801A;PR;Centro;-25,219;-49,351;2024-12-25 16:20:00.0;0,00
ITAPERUÇU;411125801A;PR;Centro;-25,219;-49,351;2024-12-25 17:20:00.0;0,00
ITAPERUÇU;411125801A;PR;Centro;-25,219;-49,351;2024-12-25 18:20:00.0;0,00
ITAPERUÇU;411125801A;PR;Centro;-25,219;-49,351;2024-12-25 19:20:00.0;0,00
ITAPERUÇU;411125801A;PR;Centro;-25,219;-49,351;2024-12-25 20:20:00.0;0,00
ITAPERUÇU;411125801A;PR;Centro;-25,219;-49,351;2024-12-25 21:20:00.0;0,00
ITAPERUÇU;411125801A;PR;Centro;-25,219;-49,351;2024-12-25 22:20:00.0;0,00
ITAPERUÇU;411125801A;PR;Centro;-25,219;-49,351;2024-12-25 23:20:00.0;0,00
ITAPERUÇU;411125801A;PR;Centro;-25,219;-49,351;2024-12-26 00:10:00.0;0,20
ITAPERUÇU;411125801A;PR;Centro;-25,219;-49,351;2024-12-26 00:20:00.0;2,76
ITAPERUÇU;411125801A;PR;Centro;-25,219;-49,351;2024-12-26 00:30:00.0;0,59
ITAPERUÇU;411125801A;PR;Centro;-25,219;-49,351;2024-12-26 00:40:00.0;0,20
ITAPERUÇU;411125801A;PR;Centro;-25,219;-49,351;2024-12-26 00:50:00.0;0,39
ITAPERUÇU;411125801A;PR;Centro;-25,219;-49,351;2024-12-26 01:20:00.0;0,00
ITAPERUÇU;411125801A;PR;Centro;-25,219;-49,351;2024-12-26 02:20:00.0;0,00
ITAPERUÇU;411125801A;PR;Centro;-25,219;-49,351;2024-12-26 03:20:00.0;0,00
ITAPERUÇU;411125801A;PR;Centro;-25,219;-49,351;2024-12-26 04:20:00.0;0,00
ITAPERUÇU;411125801A;PR;Centro;-25,219;-49,351;2024-12-26 05:20:00.0;0,00
ITAPERUÇU;411125801A;PR;Centro;-25,219;-49,351;2024-12-26 06:00:00.0;0,20
ITAPERUÇU;411125801A;PR;Centro;-25,219;-49,351;2024-12-26 06:20:00.0;0,79
ITAPERUÇU;411125801A;PR;Centro;-25,219;-49,351;2024-12-26 06:30:00.0;0,39
ITAPERUÇU;411125801A;PR;Centro;-25,219;-49,351;2024-12-26 06:50:00.0;0,20
ITAPERUÇU;411125801A;PR;Centro;-25,219;-49,351;2024-12-26 07:20:00.0;0,00
ITAPERUÇU;411125801A;PR;Centro;-25,219;-49,351;2024-12-26 08:20:00.0;0,00
ITAPERUÇU;411125801A;PR;Centro;-25,219;-49,351;2024-12-26 09:20:00.0;0,00
ITAPERUÇU;411125801A;PR;Centro;-25,219;-49,351;2024-12-26 10:20:00.0;0,00
ITAPERUÇU;411125801A;PR;Centro;-25,219;-49,351;2024-12-26 11:20:00.0;0,00
ITAPERUÇU;411125801A;PR;Centro;-25,219;-49,351;2024-12-26 12:20:00.0;0,00
ITAPERUÇU;411125801A;PR;Centro;-25,219;-49,351;2024-12-26 13:20:00.0;0,00
ITAPERUÇU;411125801A;PR;Centro;-25,219;-49,351;2024-12-26 14:20:00.0;0,00
ITAPERUÇU;411125801A;PR;Centro;-25,219;-49,351;2024-12-26 15:20:00.0;0,00
ITAPERUÇU;411125801A;PR;Centro;-25,219;-49,351;2024-12-26 16:20:00.0;0,00
ITAPERUÇU;411125801A;PR;Centro;-25,219;-49,351;2024-12-26 17:20:00.0;0,00
ITAPERUÇU;411125801A;PR;Centro;-25,219;-49,351;2024-12-26 18:20:00.0;0,00
ITAPERUÇU;411125801A;PR;Centro;-25,219;-49,351;2024-12-26 19:20:00.0;0,00
ITAPERUÇU;411125801A;PR;Centro;-25,219;-49,351;2024-12-26 20:20:00.0;0,00
ITAPERUÇU;411125801A;PR;Centro;-25,219;-49,351;2024-12-26 21:20:00.0;0,00
ITAPERUÇU;411125801A;PR;Centro;-25,219;-49,351;2024-12-26 22:20:00.0;0,00
ITAPERUÇU;411125801A;PR;Centro;-25,219;-49,351;2024-12-26 23:20:00.0;0,00
ITAPERUÇU;411125801A;PR;Centro;-25,219;-49,351;2024-12-27 00:20:00.0;0,00
ITAPERUÇU;411125801A;PR;Centro;-25,219;-49,351;2024-12-27 01:20:00.0;0,00
ITAPERUÇU;411125801A;PR;Centro;-25,219;-49,351;2024-12-27 02:20:00.0;0,00
ITAPERUÇU;411125801A;PR;Centro;-25,219;-49,351;2024-12-27 03:20:00.0;0,00
ITAPERUÇU;411125801A;PR;Centro;-25,219;-49,351;2024-12-27 04:20:00.0;0,00
ITAPERUÇU;411125801A;PR;Centro;-25,219;-49,351;2024-12-27 05:20:00.0;0,00
ITAPERUÇU;411125801A;PR;Centro;-25,219;-49,351;2024-12-27 06:20:00.0;0,00
ITAPERUÇU;411125801A;PR;Centro;-25,219;-49,351;2024-12-27 07:20:00.0;0,00
ITAPERUÇU;411125801A;PR;Centro;-25,219;-49,351;2024-12-27 08:20:00.0;0,00
ITAPERUÇU;411125801A;PR;Centro;-25,219;-49,351;2024-12-27 09:20:00.0;0,00
ITAPERUÇU;411125801A;PR;Centro;-25,219;-49,351;2024-12-27 10:20:00.0;0,00
ITAPERUÇU;411125801A;PR;Centro;-25,219;-49,351;2024-12-27 11:20:00.0;0,00
ITAPERUÇU;411125801A;PR;Centro;-25,219;-49,351;2024-12-27 12:20:00.0;0,00
ITAPERUÇU;411125801A;PR;Centro;-25,219;-49,351;2024-12-27 13:20:00.0;0,00
ITAPERUÇU;411125801A;PR;Centro;-25,219;-49,351;2024-12-27 14:20:00.0;0,00
ITAPERUÇU;411125801A;PR;Centro;-25,219;-49,351;2024-12-27 15:20:00.0;0,00
ITAPERUÇU;411125801A;PR;Centro;-25,219;-49,351;2024-12-27 16:20:00.0;0,00
ITAPERUÇU;411125801A;PR;Centro;-25,219;-49,351;2024-12-27 17:20:00.0;0,00
ITAPERUÇU;411125801A;PR;Centro;-25,219;-49,351;2024-12-27 18:20:00.0;0,00
ITAPERUÇU;411125801A;PR;Centro;-25,219;-49,351;2024-12-27 19:20:00.0;0,00
ITAPERUÇU;411125801A;PR;Centro;-25,219;-49,351;2024-12-27 20:20:00.0;0,00
ITAPERUÇU;411125801A;PR;Centro;-25,219;-49,351;2024-12-27 21:20:00.0;0,00
ITAPERUÇU;411125801A;PR;Centro;-25,219;-49,351;2024-12-27 22:20:00.0;0,00
ITAPERUÇU;411125801A;PR;Centro;-25,219;-49,351;2024-12-27 23:20:00.0;0,00
ITAPERUÇU;411125801A;PR;Centro;-25,219;-49,351;2024-12-28 00:20:00.0;0,00
ITAPERUÇU;411125801A;PR;Centro;-25,219;-49,351;2024-12-28 01:20:00.0;0,00
ITAPERUÇU;411125801A;PR;Centro;-25,219;-49,351;2024-12-28 02:20:00.0;0,00
ITAPERUÇU;411125801A;PR;Centro;-25,219;-49,351;2024-12-28 03:20:00.0;0,00
ITAPERUÇU;411125801A;PR;Centro;-25,219;-49,351;2024-12-28 04:20:00.0;0,00
ITAPERUÇU;411125801A;PR;Centro;-25,219;-49,351;2024-12-28 05:20:00.0;0,00
ITAPERUÇU;411125801A;PR;Centro;-25,219;-49,351;2024-12-28 06:20:00.0;0,00
ITAPERUÇU;411125801A;PR;Centro;-25,219;-49,351;2024-12-28 07:20:00.0;0,00
ITAPERUÇU;411125801A;PR;Centro;-25,219;-49,351;2024-12-28 08:20:00.0;0,00
ITAPERUÇU;411125801A;PR;Centro;-25,219;-49,351;2024-12-28 09:20:00.0;0,00
ITAPERUÇU;411125801A;PR;Centro;-25,219;-49,351;2024-12-28 10:20:00.0;0,00
ITAPERUÇU;411125801A;PR;Centro;-25,219;-49,351;2024-12-28 11:20:00.0;0,00
ITAPERUÇU;411125801A;PR;Centro;-25,219;-49,351;2024-12-28 12:20:00.0;0,00
ITAPERUÇU;411125801A;PR;Centro;-25,219;-49,351;2024-12-28 13:20:00.0;0,00
ITAPERUÇU;411125801A;PR;Centro;-25,219;-49,351;2024-12-28 13:50:00.0;0,20
ITAPERUÇU;411125801A;PR;Centro;-25,219;-49,351;2024-12-28 14:20:00.0;0,00
ITAPERUÇU;411125801A;PR;Centro;-25,219;-49,351;2024-12-28 15:20:00.0;0,00
ITAPERUÇU;411125801A;PR;Centro;-25,219;-49,351;2024-12-28 16:20:00.0;0,00
ITAPERUÇU;411125801A;PR;Centro;-25,219;-49,351;2024-12-28 17:20:00.0;0,00
ITAPERUÇU;411125801A;PR;Centro;-25,219;-49,351;2024-12-28 18:20:00.0;0,00
ITAPERUÇU;411125801A;PR;Centro;-25,219;-49,351;2024-12-28 19:20:00.0;0,00
ITAPERUÇU;411125801A;PR;Centro;-25,219;-49,351;2024-12-28 20:20:00.0;0,00
ITAPERUÇU;411125801A;PR;Centro;-25,219;-49,351;2024-12-28 21:20:00.0;0,00
ITAPERUÇU;411125801A;PR;Centro;-25,219;-49,351;2024-12-28 22:20:00.0;0,00
ITAPERUÇU;411125801A;PR;Centro;-25,219;-49,351;2024-12-28 23:20:00.0;0,00
ITAPERUÇU;411125801A;PR;Centro;-25,219;-49,351;2024-12-29 00:20:00.0;0,00
ITAPERUÇU;411125801A;PR;Centro;-25,219;-49,351;2024-12-29 01:20:00.0;0,00
ITAPERUÇU;411125801A;PR;Centro;-25,219;-49,351;2024-12-29 02:20:00.0;0,00
ITAPERUÇU;411125801A;PR;Centro;-25,219;-49,351;2024-12-29 03:20:00.0;0,00
ITAPERUÇU;411125801A;PR;Centro;-25,219;-49,351;2024-12-29 04:20:00.0;0,00
ITAPERUÇU;411125801A;PR;Centro;-25,219;-49,351;2024-12-29 05:20:00.0;0,00
ITAPERUÇU;411125801A;PR;Centro;-25,219;-49,351;2024-12-29 06:20:00.0;0,00
ITAPERUÇU;411125801A;PR;Centro;-25,219;-49,351;2024-12-29 07:20:00.0;0,00
ITAPERUÇU;411125801A;PR;Centro;-25,219;-49,351;2024-12-29 08:20:00.0;0,00
ITAPERUÇU;411125801A;PR;Centro;-25,219;-49,351;2024-12-29 09:20:00.0;0,00
ITAPERUÇU;411125801A;PR;Centro;-25,219;-49,351;2024-12-29 10:20:00.0;0,00
ITAPERUÇU;411125801A;PR;Centro;-25,219;-49,351;2024-12-29 11:20:00.0;0,00
ITAPERUÇU;411125801A;PR;Centro;-25,219;-49,351;2024-12-29 12:20:00.0;0,00
ITAPERUÇU;411125801A;PR;Centro;-25,219;-49,351;2024-12-29 13:20:00.0;0,00
ITAPERUÇU;411125801A;PR;Centro;-25,219;-49,351;2024-12-29 14:20:00.0;0,00
ITAPERUÇU;411125801A;PR;Centro;-25,219;-49,351;2024-12-29 15:20:00.0;0,00
ITAPERUÇU;411125801A;PR;Centro;-25,219;-49,351;2024-12-29 16:20:00.0;0,00
ITAPERUÇU;411125801A;PR;Centro;-25,219;-49,351;2024-12-29 16:30:00.0;0,79
ITAPERUÇU;411125801A;PR;Centro;-25,219;-49,351;2024-12-29 17:20:00.0;0,00
ITAPERUÇU;411125801A;PR;Centro;-25,219;-49,351;2024-12-29 18:20:00.0;0,00
ITAPERUÇU;411125801A;PR;Centro;-25,219;-49,351;2024-12-29 19:20:00.0;0,00
ITAPERUÇU;411125801A;PR;Centro;-25,219;-49,351;2024-12-29 20:00:00.0;0,20
ITAPERUÇU;411125801A;PR;Centro;-25,219;-49,351;2024-12-29 20:10:00.0;0,20
ITAPERUÇU;411125801A;PR;Centro;-25,219;-49,351;2024-12-29 20:20:00.0;3,15
ITAPERUÇU;411125801A;PR;Centro;-25,219;-49,351;2024-12-29 20:30:00.0;5,31
ITAPERUÇU;411125801A;PR;Centro;-25,219;-49,351;2024-12-29 20:40:00.0;3,55
ITAPERUÇU;411125801A;PR;Centro;-25,219;-49,351;2024-12-29 20:50:00.0;1,97
ITAPERUÇU;411125801A;PR;Centro;-25,219;-49,351;2024-12-29 21:00:00.0;1,18
ITAPERUÇU;411125801A;PR;Centro;-25,219;-49,351;2024-12-29 21:10:00.0;0,79
ITAPERUÇU;411125801A;PR;Centro;-25,219;-49,351;2024-12-29 21:20:00.0;0,00
ITAPERUÇU;411125801A;PR;Centro;-25,219;-49,351;2024-12-29 21:40:00.0;0,20
ITAPERUÇU;411125801A;PR;Centro;-25,219;-49,351;2024-12-29 21:50:00.0;0,39
ITAPERUÇU;411125801A;PR;Centro;-25,219;-49,351;2024-12-29 22:00:00.0;0,20
ITAPERUÇU;411125801A;PR;Centro;-25,219;-49,351;2024-12-29 22:10:00.0;0,59
ITAPERUÇU;411125801A;PR;Centro;-25,219;-49,351;2024-12-29 22:20:00.0;0,20
ITAPERUÇU;411125801A;PR;Centro;-25,219;-49,351;2024-12-29 22:40:00.0;0,20
ITAPERUÇU;411125801A;PR;Centro;-25,219;-49,351;2024-12-29 23:20:00.0;0,00
ITAPERUÇU;411125801A;PR;Centro;-25,219;-49,351;2024-12-30 00:20:00.0;0,00
ITAPERUÇU;411125801A;PR;Centro;-25,219;-49,351;2024-12-30 01:20:00.0;0,00
ITAPERUÇU;411125801A;PR;Centro;-25,219;-49,351;2024-12-30 02:20:00.0;0,20
ITAPERUÇU;411125801A;PR;Centro;-25,219;-49,351;2024-12-30 02:30:00.0;0,20
ITAPERUÇU;411125801A;PR;Centro;-25,219;-49,351;2024-12-30 03:20:00.0;0,00
ITAPERUÇU;411125801A;PR;Centro;-25,219;-49,351;2024-12-30 04:20:00.0;0,00
ITAPERUÇU;411125801A;PR;Centro;-25,219;-49,351;2024-12-30 05:20:00.0;0,00
ITAPERUÇU;411125801A;PR;Centro;-25,219;-49,351;2024-12-30 06:20:00.0;0,00
ITAPERUÇU;411125801A;PR;Centro;-25,219;-49,351;2024-12-30 06:40:00.0;0,20
ITAPERUÇU;411125801A;PR;Centro;-25,219;-49,351;2024-12-30 07:20:00.0;0,00
ITAPERUÇU;411125801A;PR;Centro;-25,219;-49,351;2024-12-30 08:20:00.0;0,00
ITAPERUÇU;411125801A;PR;Centro;-25,219;-49,351;2024-12-30 09:20:00.0;0,00
ITAPERUÇU;411125801A;PR;Centro;-25,219;-49,351;2024-12-30 10:20:00.0;0,00
ITAPERUÇU;411125801A;PR;Centro;-25,219;-49,351;2024-12-30 11:20:00.0;0,00
ITAPERUÇU;411125801A;PR;Centro;-25,219;-49,351;2024-12-30 12:20:00.0;0,00
ITAPERUÇU;411125801A;PR;Centro;-25,219;-49,351;2024-12-30 13:20:00.0;0,00
ITAPERUÇU;411125801A;PR;Centro;-25,219;-49,351;2024-12-30 14:20:00.0;0,00
ITAPERUÇU;411125801A;PR;Centro;-25,219;-49,351;2024-12-30 15:20:00.0;0,00
ITAPERUÇU;411125801A;PR;Centro;-25,219;-49,351;2024-12-30 16:20:00.0;0,00
ITAPERUÇU;411125801A;PR;Centro;-25,219;-49,351;2024-12-30 17:20:00.0;0,00
ITAPERUÇU;411125801A;PR;Centro;-25,219;-49,351;2024-12-30 18:20:00.0;0,00
ITAPERUÇU;411125801A;PR;Centro;-25,219;-49,351;2024-12-30 19:20:00.0;0,00
ITAPERUÇU;411125801A;PR;Centro;-25,219;-49,351;2024-12-30 20:20:00.0;0,00
ITAPERUÇU;411125801A;PR;Centro;-25,219;-49,351;2024-12-30 21:20:00.0;0,00
ITAPERUÇU;411125801A;PR;Centro;-25,219;-49,351;2024-12-30 22:20:00.0;0,00
ITAPERUÇU;411125801A;PR;Centro;-25,219;-49,351;2024-12-30 23:20:00.0;0,00
ITAPERUÇU;411125801A;PR;Centro;-25,219;-49,351;2024-12-31 00:20:00.0;0,00
ITAPERUÇU;411125801A;PR;Centro;-25,219;-49,351;2024-12-31 01:20:00.0;0,00
ITAPERUÇU;411125801A;PR;Centro;-25,219;-49,351;2024-12-31 02:20:00.0;0,00
ITAPERUÇU;411125801A;PR;Centro;-25,219;-49,351;2024-12-31 03:20:00.0;0,00
ITAPERUÇU;411125801A;PR;Centro;-25,219;-49,351;2024-12-31 04:20:00.0;0,00
ITAPERUÇU;411125801A;PR;Centro;-25,219;-49,351;2024-12-31 05:20:00.0;0,00
ITAPERUÇU;411125801A;PR;Centro;-25,219;-49,351;2024-12-31 06:20:00.0;0,00
ITAPERUÇU;411125801A;PR;Centro;-25,219;-49,351;2024-12-31 07:20:00.0;0,00
ITAPERUÇU;411125801A;PR;Centro;-25,219;-49,351;2024-12-31 08:20:00.0;0,00
ITAPERUÇU;411125801A;PR;Centro;-25,219;-49,351;2024-12-31 09:20:00.0;0,00
ITAPERUÇU;411125801A;PR;Centro;-25,219;-49,351;2024-12-31 10:20:00.0;0,00
ITAPERUÇU;411125801A;PR;Centro;-25,219;-49,351;2024-12-31 11:20:00.0;0,00
ITAPERUÇU;411125801A;PR;Centro;-25,219;-49,351;2024-12-31 12:20:00.0;0,00
ITAPERUÇU;411125801A;PR;Centro;-25,219;-49,351;2024-12-31 13:20:00.0;0,00
ITAPERUÇU;411125801A;PR;Centro;-25,219;-49,351;2024-12-31 14:20:00.0;0,00
ITAPERUÇU;411125801A;PR;Centro;-25,219;-49,351;2024-12-31 15:20:00.0;0,00
ITAPERUÇU;411125801A;PR;Centro;-25,219;-49,351;2024-12-31 16:20:00.0;0,00
ITAPERUÇU;411125801A;PR;Centro;-25,219;-49,351;2024-12-31 17:20:00.0;0,00
ITAPERUÇU;411125801A;PR;Centro;-25,219;-49,351;2024-12-31 18:20:00.0;0,00
ITAPERUÇU;411125801A;PR;Centro;-25,219;-49,351;2024-12-31 19:20:00.0;0,00
ITAPERUÇU;411125801A;PR;Centro;-25,219;-49,351;2024-12-31 20:20:00.0;0,00
ITAPERUÇU;411125801A;PR;Centro;-25,219;-49,351;2024-12-31 21:20:00.0;0,00
ITAPERUÇU;411125801A;PR;Centro;-25,219;-49,351;2024-12-31 22:20:00.0;0,00
ITAPERUÇU;411125801A;PR;Centro;-25,219;-49,351;2024-12-31 23:20:00.0;0,00
